{
    "id": "4988912c-239b-4250-9961-e72cdf2226fb",
    "title": "+5 Holy Avenger for paladin?",
    "slug": "2B5-holy-avenger-for-paladin3F-item",
    "state": "public",
    "isWip": true,
    "isDraft": true,
    "entityClass": "Item",
    "icon": "fa-solid fa-file",
    "url": "http://www.worldanvil.com/w/arteria-adorath/a/2B5-holy-avenger-for-paladin3F-item",
    "subscribergroups": [],
    "folderId": "-1",
    "tags": null,
    "updateDate": {
        "date": "2022-01-04 00:34:02.000000",
        "timezone_type": 3,
        "timezone": "UTC"
    },
    "position": null,
    "excerpt": null,
    "template": "item",
    "wordcount": 183,
    "creationDate": {
        "date": "2021-12-31 06:48:34.000000",
        "timezone_type": 3,
        "timezone": "UTC"
    },
    "publicationDate": null,
    "notificationDate": null,
    "likes": null,
    "views": null,
    "metadata_user": null,
    "metadata_article": null,
    "css_classes": null,
    "cssStyles": null,
    "passcode": null,
    "author": {
        "id": "8059089b-cf59-45b1-b328-a9efcd36f47b",
        "title": "adorath",
        "slug": null,
        "state": null,
        "isWip": null,
        "isDraft": null,
        "entityClass": "User",
        "icon": "fa-solid fa-user",
        "url": "http://www.worldanvil.com/author/adorath",
        "subscribergroups": [],
        "folderId": null,
        "tags": null,
        "updateDate": null
    },
    "world": {
        "id": "238a9dbc-1c3f-4f72-838f-336a90f6c31c",
        "title": "Arteria",
        "slug": "arteria-adorath",
        "state": "public",
        "isWip": null,
        "isDraft": null,
        "entityClass": "World",
        "icon": "fa-solid fa-globe-stand",
        "url": "http://www.worldanvil.com/w/arteria-adorath",
        "subscribergroups": [],
        "folderId": "-1",
        "tags": "",
        "updateDate": {
            "date": "2024-03-29 03:20:43.000000",
            "timezone_type": 3,
            "timezone": "UTC"
        }
    },
    "cover": {
        "id": 1952401,
        "title": "Arteria world cover",
        "slug": null,
        "state": "public",
        "isWip": null,
        "isDraft": null,
        "entityClass": "Image",
        "icon": "fa-solid fa-image",
        "url": "https://www.worldanvil.com/uploads/images/6c977e75d750e89b02a0040abf994163.jpg",
        "subscribergroups": [],
        "folderId": null,
        "tags": "",
        "updateDate": {
            "date": "2021-02-07 07:25:04.000000",
            "timezone_type": 3,
            "timezone": "UTC"
        }
    },
    "content": "Streams converge on crystal clear lake\r\n[br]a paladin of exceptional purity\r\nhears womens voice, telepathic\r\nasked to leave weapons, armor, items behind and enter the lake\r\nDetect evil is silent, if ignored, never speaks again\r\nIf listen, walks on water to center of lake\r\nNude woman comes out of lake of exceptional beauty, takes his hand (Lallybella? demigod of nyxes)\r\nOther characters die? Paralyzed?\r\nAttacks make the attacker take max damage of attack\r\nItems except armor and shield (paladins) vanish\r\n\"this sword, Crusader, shall hence forth be your sole weapon against evil, and with it and you shall conquer as long as ye be faithful. Slay a great demon and it shall gain its full powers\"\r\nand she goes under the water\r\npaladin can walk back\r\n\r\nheal/per day, strength to wielder/day when combating evil, charm person on contact/day. May disintegrate demons on nat 20 (dc?),\r\ntelepathic/ego, int 17, really likes to slay demons, howls the first time character runs from demons 2 instances of cowardice and the item goes back to lallybella",
    "contentParsed": "Streams converge on crystal clear lake\n<br>a paladin of exceptional purity\nhears womens voice, telepathic\nasked to leave weapons, armor, items behind and enter the lake\nDetect evil is silent, if ignored, never speaks again\nIf listen, walks on water to center of lake\nNude woman comes out of lake of exceptional beauty, takes his hand (Lallybella? demigod of nyxes)\nOther characters die? Paralyzed?\nAttacks make the attacker take max damage of attack\nItems except armor and shield (paladins) vanish\n&quot;this sword, Crusader, shall hence forth be your sole weapon against evil, and with it and you shall conquer as long as ye be faithful. Slay a great demon and it shall gain its full powers&quot;\nand she goes under the water\npaladin can walk back\n<span class=\"line-spacer d-block\">&nbsp;</span>\nheal/per day, strength to wielder/day when combating evil, charm person on contact/day. May disintegrate demons on nat 20 (dc?),\ntelepathic/ego, int 17, really likes to slay demons, howls the first time character runs from demons 2 instances of cowardice and the item goes back to lallybella",
    "sections": {
        "displaySidebar": {
            "title": "",
            "position": "",
            "content": true,
            "contentParsed": "1"
        },
        "folderId": {
            "title": "",
            "position": "",
            "content": "-1",
            "contentParsed": "-1"
        }
    },
    "relations": {
        "childrenArticles": {
            "title": "",
            "position": "sidebar",
            "type": "collection"
        },
        "memories": {
            "title": "",
            "position": "sidebar",
            "type": "collection"
        },
        "manuscripts": {
            "title": "",
            "position": "sidebar",
            "type": "collection"
        },
        "children": {
            "title": "",
            "position": "sidebar",
            "type": "collection"
        },
        "type": {
            "title": "",
            "position": "sidebar",
            "type": "singular",
            "items": {
                "id": "761d4e54-515d-4b81-b910-371515eb8337",
                "title": "Weapon, Melee",
                "type": "itemtype",
                "relationshipType": "",
                "state": "null"
            }
        },
        "technologies": {
            "title": "",
            "position": "sidebar",
            "type": "collection"
        },
        "ethnicities": {
            "title": "",
            "position": "sidebar",
            "type": "collection"
        },
        "myths": {
            "title": "",
            "position": "sidebar",
            "type": "collection"
        },
        "materials": {
            "title": "",
            "position": "sidebar",
            "type": "collection"
        }
    }
}