{
    "id": "7c9b33c0-0b75-442a-94b0-b72d9d4417fd",
    "title": "Song for revenge",
    "slug": "song-for-revenge-article",
    "state": "private",
    "isWip": true,
    "isDraft": true,
    "entityClass": "Article",
    "icon": "fa-solid fa-file",
    "url": "http://www.worldanvil.com/w/arteria-adorath/a/song-for-revenge-article",
    "subscribergroups": [],
    "folderId": "-1",
    "tags": null,
    "updateDate": {
        "date": "2020-12-05 05:29:29.000000",
        "timezone_type": 3,
        "timezone": "UTC"
    },
    "position": null,
    "excerpt": null,
    "template": "article",
    "wordcount": 529,
    "creationDate": {
        "date": "2020-12-05 05:29:29.000000",
        "timezone_type": 3,
        "timezone": "UTC"
    },
    "publicationDate": null,
    "notificationDate": null,
    "likes": null,
    "views": null,
    "metadata_user": null,
    "metadata_article": null,
    "css_classes": null,
    "cssStyles": null,
    "passcode": null,
    "author": {
        "id": "8059089b-cf59-45b1-b328-a9efcd36f47b",
        "title": "adorath",
        "slug": null,
        "state": null,
        "isWip": null,
        "isDraft": null,
        "entityClass": "User",
        "icon": "fa-solid fa-user",
        "url": "http://www.worldanvil.com/author/adorath",
        "subscribergroups": [],
        "folderId": null,
        "tags": null,
        "updateDate": null
    },
    "world": {
        "id": "238a9dbc-1c3f-4f72-838f-336a90f6c31c",
        "title": "Arteria",
        "slug": "arteria-adorath",
        "state": "public",
        "isWip": null,
        "isDraft": null,
        "entityClass": "World",
        "icon": "fa-solid fa-globe-stand",
        "url": "http://www.worldanvil.com/w/arteria-adorath",
        "subscribergroups": [],
        "folderId": "-1",
        "tags": "",
        "updateDate": {
            "date": "2024-03-29 03:20:43.000000",
            "timezone_type": 3,
            "timezone": "UTC"
        }
    },
    "cover": {
        "id": 1952401,
        "title": "Arteria world cover",
        "slug": null,
        "state": "public",
        "isWip": null,
        "isDraft": null,
        "entityClass": "Image",
        "icon": "fa-solid fa-image",
        "url": "https://www.worldanvil.com/uploads/images/6c977e75d750e89b02a0040abf994163.jpg",
        "subscribergroups": [],
        "folderId": null,
        "tags": "",
        "updateDate": {
            "date": "2021-02-07 07:25:04.000000",
            "timezone_type": 3,
            "timezone": "UTC"
        }
    },
    "content": "[Verse 1]\nWe are two mariners, our ships' sole survivors\nIn this belly of a whale\n\nIts ribs our ceiling beams, its guts our carpeting\nI guess we have some time to kill\nYou may not remember me, I was a child of three\nAnd you, a lad of eighteen\nBut I remember you, and I will relate to you\nHow our histories interweave\nAt the time you were\nA rake and a roustabout\nSpending all your money\nOn the whores and hounds\nOh-ohhhhh\nYou had a charming air, all cheap and debonair\nMy widowed mother found so sweet\nAnd so she took you in, her sheets still warm with him\nNow filled with filth and foul disease\nAs time wore on, you proved\nA debt-ridden drunken mess\nLeaving my mother\nA poor consumptive wretch\nOh-ohhhhh\nAnd then you disappeared, your gambling arrears\nThe only thing you left behind\nAnd then the magistrate reclaimed our small estate\nAnd my poor mother lost her mind\nThen one day in Spring\nMy dear sweet mother died\nBut before she did\nI took her hand as she, dying, cried:\nOh-ohhhhh\n\n[Chorus]\n\"Find him, bind him\nTie him to a pole and break\nHis fingers to splinters\nDrag him to a hole until he\nWakes up, naked\nClawing at the ceiling\nOf his grave\"\n*Death rattle*\n\n[Verse 2]\nIt took me fifteen years to swallow all my tears\nAmong the urchins in the street\nUntil a priory took pity and hired me\nTo keep their vestry nice and neat\nBut never once in the employ\nOf these holy men\nDid I ever once turn my mind\nFrom the thought of revenge\nOh-ohhhhh\nOne night I overheard the Prior exchanging words\nWith a penitent whaler from the sea\nThe captain of his ship, who matched you toe to tip\nWas known for wanton cruelty\nThe following day\nI shipped to sea\nWith a privateer\nAnd in the whistle\nOf the wind\nI could almost hear...\nOh-ohhhhh\n\n[Chorus]\n\"Find him, bind him\nTie him to a pole and break\nHis fingers to splinters\nDrag him to a hole until he\nWakes up, naked\nClawing at the ceiling\nOf his grave\"\n\n[Bridge]\n\"There is one thing I must say to you\nAs you sail across the sea\nAlways, your mother will watch over you\nAs you avenge this wicked deed\"\n[Haunting, sailor-esque musical interlude lead by mandolin, accordion, tuba and violin]\n\n[Verse 3]\nAnd then that fateful night, we had you in our sight\nAfter twenty months at sea\nYour starboard flank abeam, I was getting my muskets clean\nWhen came this rumbling from beneath\nThe ocean shook, the sky went black\nAnd the captain quailed\nAs before us grew\nThe angry jaws\nOf a giant whale\nOh, oh ([screaming])\nOh (Screaming)\nDon't know how I survived, the crew all was chewed alive\nI must have slipped between his teeth\nBut, oh, what providence, what divine intelligence!\nThat you should survive as well as me\nIt gives my heart great joy\nTo see your eyes fill with fear\nSo lean in close\nAnd I will whisper\nThe last words you'll hear\nOh, oh",
    "contentParsed": "[Verse 1]\nWe are two mariners, our ships&#039; sole survivors\nIn this belly of a whale\n<br /><span class=\"line-spacer d-block\">&nbsp;</span>\nIts ribs our ceiling beams, its guts our carpeting\nI guess we have some time to kill\nYou may not remember me, I was a child of three\nAnd you, a lad of eighteen\nBut I remember you, and I will relate to you\nHow our histories interweave\nAt the time you were\nA rake and a roustabout\nSpending all your money\nOn the whores and hounds\nOh-ohhhhh\nYou had a charming air, all cheap and debonair\nMy widowed mother found so sweet\nAnd so she took you in, her sheets still warm with him\nNow filled with filth and foul disease\nAs time wore on, you proved\nA debt-ridden drunken mess\nLeaving my mother\nA poor consumptive wretch\nOh-ohhhhh\nAnd then you disappeared, your gambling arrears\nThe only thing you left behind\nAnd then the magistrate reclaimed our small estate\nAnd my poor mother lost her mind\nThen one day in Spring\nMy dear sweet mother died\nBut before she did\nI took her hand as she, dying, cried:\nOh-ohhhhh\n<br /><span class=\"line-spacer d-block\">&nbsp;</span>\n[Chorus]\n&quot;Find him, bind him\nTie him to a pole and break\nHis fingers to splinters\nDrag him to a hole until he\nWakes up, naked\nClawing at the ceiling\nOf his grave&quot;\n*Death rattle*\n<br /><span class=\"line-spacer d-block\">&nbsp;</span>\n[Verse 2]\nIt took me fifteen years to swallow all my tears\nAmong the urchins in the street\nUntil a priory took pity and hired me\nTo keep their vestry nice and neat\nBut never once in the employ\nOf these holy men\nDid I ever once turn my mind\nFrom the thought of revenge\nOh-ohhhhh\nOne night I overheard the Prior exchanging words\nWith a penitent whaler from the sea\nThe captain of his ship, who matched you toe to tip\nWas known for wanton cruelty\nThe following day\nI shipped to sea\nWith a privateer\nAnd in the whistle\nOf the wind\nI could almost hear...\nOh-ohhhhh\n<br /><span class=\"line-spacer d-block\">&nbsp;</span>\n[Chorus]\n&quot;Find him, bind him\nTie him to a pole and break\nHis fingers to splinters\nDrag him to a hole until he\nWakes up, naked\nClawing at the ceiling\nOf his grave&quot;\n<br /><span class=\"line-spacer d-block\">&nbsp;</span>\n[Bridge]\n&quot;There is one thing I must say to you\nAs you sail across the sea\nAlways, your mother will watch over you\nAs you avenge this wicked deed&quot;\n[Haunting, sailor-esque musical interlude lead by mandolin, accordion, tuba and violin]\n<br /><span class=\"line-spacer d-block\">&nbsp;</span>\n[Verse 3]\nAnd then that fateful night, we had you in our sight\nAfter twenty months at sea\nYour starboard flank abeam, I was getting my muskets clean\nWhen came this rumbling from beneath\nThe ocean shook, the sky went black\nAnd the captain quailed\nAs before us grew\nThe angry jaws\nOf a giant whale\nOh, oh ([screaming])\nOh (Screaming)\nDon&#039;t know how I survived, the crew all was chewed alive\nI must have slipped between his teeth\nBut, oh, what providence, what divine intelligence!\nThat you should survive as well as me\nIt gives my heart great joy\nTo see your eyes fill with fear\nSo lean in close\nAnd I will whisper\nThe last words you&#039;ll hear\nOh, oh",
    "sections": {
        "displaySidebar": {
            "title": "",
            "position": "",
            "content": true,
            "contentParsed": "1"
        },
        "folderId": {
            "title": "",
            "position": "",
            "content": "-1",
            "contentParsed": "-1"
        }
    },
    "relations": {
        "childrenArticles": {
            "title": "",
            "position": "sidebar",
            "type": "collection"
        },
        "memories": {
            "title": "",
            "position": "sidebar",
            "type": "collection"
        },
        "manuscripts": {
            "title": "",
            "position": "sidebar",
            "type": "collection"
        }
    }
}