{
    "id": "2c9983ad-da0d-4757-9136-bbc772399f84",
    "title": "The great tree",
    "slug": "the-great-tree-landmark",
    "state": "public",
    "isWip": true,
    "isDraft": false,
    "entityClass": "Landmark",
    "icon": "fa-solid fa-file",
    "url": "http://www.worldanvil.com/w/arteria-adorath/a/the-great-tree-landmark",
    "subscribergroups": [],
    "folderId": "-1",
    "tags": null,
    "updateDate": {
        "date": "2020-10-25 18:12:44.000000",
        "timezone_type": 3,
        "timezone": "UTC"
    },
    "position": 960,
    "excerpt": null,
    "template": "landmark",
    "wordcount": 26,
    "creationDate": {
        "date": "2020-10-25 18:12:44.000000",
        "timezone_type": 3,
        "timezone": "UTC"
    },
    "publicationDate": {
        "date": "2020-11-01 01:27:13.000000",
        "timezone_type": 3,
        "timezone": "UTC"
    },
    "notificationDate": null,
    "likes": null,
    "views": 72,
    "metadata_user": null,
    "metadata_article": null,
    "css_classes": null,
    "cssStyles": null,
    "passcode": null,
    "author": {
        "id": "8059089b-cf59-45b1-b328-a9efcd36f47b",
        "title": "adorath",
        "slug": null,
        "state": null,
        "isWip": null,
        "isDraft": null,
        "entityClass": "User",
        "icon": "fa-solid fa-user",
        "url": "http://www.worldanvil.com/author/adorath",
        "subscribergroups": [],
        "folderId": null,
        "tags": null,
        "updateDate": null
    },
    "category": {
        "id": "b4285f55-49b5-4f51-a35c-8c94fd1ea8bb",
        "title": "Locations",
        "slug": "locations-category",
        "url": "http://www.worldanvil.com/w/arteria-adorath/c/locations-category"
    },
    "world": {
        "id": "238a9dbc-1c3f-4f72-838f-336a90f6c31c",
        "title": "Arteria",
        "slug": "arteria-adorath",
        "state": "public",
        "isWip": null,
        "isDraft": null,
        "entityClass": "World",
        "icon": "fa-solid fa-globe-stand",
        "url": "http://www.worldanvil.com/w/arteria-adorath",
        "subscribergroups": [],
        "folderId": "-1",
        "tags": "",
        "updateDate": {
            "date": "2024-03-29 03:20:43.000000",
            "timezone_type": 3,
            "timezone": "UTC"
        }
    },
    "cover": {
        "id": 1952401,
        "title": "Arteria world cover",
        "slug": null,
        "state": "public",
        "isWip": null,
        "isDraft": null,
        "entityClass": "Image",
        "icon": "fa-solid fa-image",
        "url": "https://www.worldanvil.com/uploads/images/6c977e75d750e89b02a0040abf994163.jpg",
        "subscribergroups": [],
        "folderId": null,
        "tags": "",
        "updateDate": {
            "date": "2021-02-07 07:25:04.000000",
            "timezone_type": 3,
            "timezone": "UTC"
        }
    },
    "content": "An ancient Ironwood tree that stands near the center of Thornfield. It is surrounded by a park, that often has people strolling through.",
    "contentParsed": "An ancient Ironwood tree that stands near the center of Thornfield. It is surrounded by a park, that often has people strolling through.",
    "sections": {
        "displaySidebar": {
            "title": "",
            "position": "",
            "content": true,
            "contentParsed": "1"
        },
        "folderId": {
            "title": "",
            "position": "",
            "content": "-1",
            "contentParsed": "-1"
        }
    },
    "relations": {
        "childrenArticles": {
            "title": "",
            "position": "sidebar",
            "type": "collection"
        },
        "memories": {
            "title": "",
            "position": "sidebar",
            "type": "collection"
        },
        "manuscripts": {
            "title": "",
            "position": "sidebar",
            "type": "collection"
        },
        "relatedHistories": {
            "title": "",
            "position": "sidebar",
            "type": "collection"
        },
        "rituals": {
            "title": "",
            "position": "sidebar",
            "type": "collection"
        },
        "people": {
            "title": "",
            "position": "sidebar",
            "type": "collection"
        },
        "items": {
            "title": "",
            "position": "sidebar",
            "type": "collection"
        },
        "documents": {
            "title": "",
            "position": "sidebar",
            "type": "collection"
        },
        "maps": {
            "title": "",
            "position": "sidebar",
            "type": "collection"
        },
        "children": {
            "title": "",
            "position": "sidebar",
            "type": "collection"
        },
        "claimedCapitals": {
            "title": "",
            "position": "sidebar",
            "type": "collection"
        },
        "includedOrganizations": {
            "title": "",
            "position": "sidebar",
            "type": "collection"
        },
        "divines": {
            "title": "",
            "position": "sidebar",
            "type": "collection"
        },
        "reportprimarylocations": {
            "title": "",
            "position": "sidebar",
            "type": "collection"
        },
        "reportsecondarylocations": {
            "title": "",
            "position": "sidebar",
            "type": "collection"
        },
        "conflicts": {
            "title": "",
            "position": "sidebar",
            "type": "collection"
        },
        "characters": {
            "title": "",
            "position": "sidebar",
            "type": "collection"
        },
        "vehiclesPresent": {
            "title": "",
            "position": "sidebar",
            "type": "collection"
        },
        "founders": {
            "title": "",
            "position": "sidebar",
            "type": "collection"
        },
        "additionalRulers": {
            "title": "",
            "position": "sidebar",
            "type": "collection"
        },
        "contenders": {
            "title": "",
            "position": "sidebar",
            "type": "collection"
        },
        "connectedRooms": {
            "title": "",
            "position": "sidebar",
            "type": "collection"
        },
        "rooms": {
            "title": "",
            "position": "sidebar",
            "type": "collection"
        },
        "materials": {
            "title": "",
            "position": "sidebar",
            "type": "collection"
        },
        "ranks": {
            "title": "",
            "position": "sidebar",
            "type": "collection"
        },
        "myths": {
            "title": "",
            "position": "sidebar",
            "type": "collection"
        },
        "plots": {
            "title": "",
            "position": "sidebar",
            "type": "collection"
        },
        "professions": {
            "title": "",
            "position": "sidebar",
            "type": "collection"
        },
        "ethnicities": {
            "title": "",
            "position": "sidebar",
            "type": "collection"
        },
        "species": {
            "title": "",
            "position": "sidebar",
            "type": "collection"
        },
        "importantTraditions": {
            "title": "",
            "position": "sidebar",
            "type": "collection"
        }
    }
}