{
    "id": "bd64e5c8-b028-41ac-98f9-9d748350ef3b",
    "title": "Ibsen Rugh",
    "slug": "ibsen-rugh-person",
    "state": "public",
    "isWip": true,
    "isDraft": false,
    "entityClass": "Person",
    "icon": "fa-solid fa-user-crown",
    "url": "http://www.worldanvil.com/w/arteria-adorath/a/ibsen-rugh-person",
    "subscribergroups": [],
    "folderId": "-1",
    "tags": null,
    "updateDate": {
        "date": "2020-11-09 20:42:31.000000",
        "timezone_type": 3,
        "timezone": "UTC"
    },
    "position": 1000,
    "excerpt": null,
    "template": "person",
    "wordcount": 6,
    "creationDate": {
        "date": "2020-11-09 20:42:31.000000",
        "timezone_type": 3,
        "timezone": "UTC"
    },
    "publicationDate": {
        "date": "2020-11-20 05:08:39.000000",
        "timezone_type": 3,
        "timezone": "UTC"
    },
    "notificationDate": null,
    "likes": null,
    "views": 18,
    "metadata_user": null,
    "metadata_article": null,
    "css_classes": null,
    "cssStyles": null,
    "passcode": null,
    "author": {
        "id": "8059089b-cf59-45b1-b328-a9efcd36f47b",
        "title": "adorath",
        "slug": null,
        "state": null,
        "isWip": null,
        "isDraft": null,
        "entityClass": "User",
        "icon": "fa-solid fa-user",
        "url": "http://www.worldanvil.com/author/adorath",
        "subscribergroups": [],
        "folderId": null,
        "tags": null,
        "updateDate": null
    },
    "category": {
        "id": "6af38bcd-065b-488b-939e-8a2e5c5bc1df",
        "title": "Venomcry",
        "slug": "venomcry-category",
        "url": "http://www.worldanvil.com/w/arteria-adorath/c/venomcry-category"
    },
    "world": {
        "id": "238a9dbc-1c3f-4f72-838f-336a90f6c31c",
        "title": "Arteria",
        "slug": "arteria-adorath",
        "state": "public",
        "isWip": null,
        "isDraft": null,
        "entityClass": "World",
        "icon": "fa-solid fa-globe-stand",
        "url": "http://www.worldanvil.com/w/arteria-adorath",
        "subscribergroups": [],
        "folderId": "-1",
        "tags": "",
        "updateDate": {
            "date": "2024-03-29 03:20:43.000000",
            "timezone_type": 3,
            "timezone": "UTC"
        }
    },
    "cover": {
        "id": 1952401,
        "title": "Arteria world cover",
        "slug": null,
        "state": "public",
        "isWip": null,
        "isDraft": null,
        "entityClass": "Image",
        "icon": "fa-solid fa-image",
        "url": "https://www.worldanvil.com/uploads/images/6c977e75d750e89b02a0040abf994163.jpg",
        "subscribergroups": [],
        "folderId": null,
        "tags": "",
        "updateDate": {
            "date": "2021-02-07 07:25:04.000000",
            "timezone_type": 3,
            "timezone": "UTC"
        }
    },
    "content": "Chemist for Venomcry. \"Heisenburg\"",
    "contentParsed": "Chemist for Venomcry. &quot;Heisenburg&quot;",
    "sections": {
        "displaySidebar": {
            "title": "",
            "position": "",
            "content": true,
            "contentParsed": "1"
        },
        "folderId": {
            "title": "",
            "position": "",
            "content": "-1",
            "contentParsed": "-1"
        }
    },
    "relations": {
        "childrenArticles": {
            "title": "",
            "position": "sidebar",
            "type": "collection"
        },
        "memories": {
            "title": "",
            "position": "sidebar",
            "type": "collection"
        },
        "manuscripts": {
            "title": "",
            "position": "sidebar",
            "type": "collection"
        },
        "locations": {
            "title": "",
            "position": "sidebar",
            "type": "collection"
        },
        "families": {
            "title": "",
            "position": "sidebar",
            "type": "collection"
        },
        "organizations": {
            "title": "",
            "position": "sidebar",
            "type": "collection"
        },
        "vehicles": {
            "title": "",
            "position": "sidebar",
            "type": "collection"
        },
        "firstHeldRanks": {
            "title": "",
            "position": "sidebar",
            "type": "collection"
        },
        "heldItems": {
            "title": "",
            "position": "sidebar",
            "type": "collection"
        },
        "createditems": {
            "title": "",
            "position": "sidebar",
            "type": "collection"
        },
        "foundedLocations": {
            "title": "",
            "position": "sidebar",
            "type": "collection"
        },
        "ruledLocations": {
            "title": "",
            "position": "sidebar",
            "type": "collection"
        },
        "religions": {
            "title": "",
            "position": "sidebar",
            "type": "collection"
        },
        "professions": {
            "title": "",
            "position": "sidebar",
            "type": "collection"
        },
        "myths": {
            "title": "",
            "position": "sidebar",
            "type": "collection"
        },
        "belligerents": {
            "title": "",
            "position": "sidebar",
            "type": "collection"
        },
        "currentRanks": {
            "title": "",
            "position": "sidebar",
            "type": "collection"
        },
        "pastRanks": {
            "title": "",
            "position": "sidebar",
            "type": "collection"
        },
        "plots": {
            "title": "",
            "position": "sidebar",
            "type": "collection"
        },
        "documentsauthored": {
            "title": "",
            "position": "sidebar",
            "type": "collection"
        },
        "documentssigned": {
            "title": "",
            "position": "sidebar",
            "type": "collection"
        },
        "historicalEntries": {
            "title": "",
            "position": "sidebar",
            "type": "collection"
        },
        "conditions": {
            "title": "",
            "position": "sidebar",
            "type": "collection"
        },
        "otherethnicities": {
            "title": "",
            "position": "sidebar",
            "type": "collection"
        },
        "proses": {
            "title": "",
            "position": "sidebar",
            "type": "collection"
        },
        "relatedorganizations": {
            "title": "",
            "position": "sidebar",
            "type": "collection"
        },
        "relatedReports": {
            "title": "",
            "position": "sidebar",
            "type": "collection"
        },
        "foundedOrganizations": {
            "title": "",
            "position": "sidebar",
            "type": "collection"
        }
    }
}