{
    "id": "cc01cb79-4300-46ae-a565-c7a1c0d23482",
    "title": "Venomcry",
    "slug": "venomcry-article",
    "state": "public",
    "isWip": true,
    "isDraft": false,
    "entityClass": "Organization",
    "icon": "fa-solid fa-shield-quartered",
    "url": "http://www.worldanvil.com/w/arteria-adorath/a/venomcry-article",
    "subscribergroups": [],
    "folderId": "-1",
    "tags": "",
    "updateDate": {
        "date": "2021-02-07 08:17:04.000000",
        "timezone_type": 3,
        "timezone": "UTC"
    },
    "position": 970,
    "excerpt": null,
    "template": "organization",
    "wordcount": 29,
    "creationDate": {
        "date": "2019-09-08 19:20:34.000000",
        "timezone_type": 3,
        "timezone": "UTC"
    },
    "publicationDate": {
        "date": "2020-11-04 16:41:04.000000",
        "timezone_type": 3,
        "timezone": "UTC"
    },
    "notificationDate": null,
    "likes": null,
    "views": 27,
    "metadata_user": null,
    "metadata_article": null,
    "css_classes": null,
    "cssStyles": null,
    "passcode": null,
    "author": {
        "id": "8059089b-cf59-45b1-b328-a9efcd36f47b",
        "title": "adorath",
        "slug": null,
        "state": null,
        "isWip": null,
        "isDraft": null,
        "entityClass": "User",
        "icon": "fa-solid fa-user",
        "url": "http://www.worldanvil.com/author/adorath",
        "subscribergroups": [],
        "folderId": null,
        "tags": null,
        "updateDate": null
    },
    "category": {
        "id": "6af38bcd-065b-488b-939e-8a2e5c5bc1df",
        "title": "Venomcry",
        "slug": "venomcry-category",
        "url": "http://www.worldanvil.com/w/arteria-adorath/c/venomcry-category"
    },
    "world": {
        "id": "238a9dbc-1c3f-4f72-838f-336a90f6c31c",
        "title": "Arteria",
        "slug": "arteria-adorath",
        "state": "public",
        "isWip": null,
        "isDraft": null,
        "entityClass": "World",
        "icon": "fa-solid fa-globe-stand",
        "url": "http://www.worldanvil.com/w/arteria-adorath",
        "subscribergroups": [],
        "folderId": "-1",
        "tags": "",
        "updateDate": {
            "date": "2024-03-29 03:20:43.000000",
            "timezone_type": 3,
            "timezone": "UTC"
        }
    },
    "cover": {
        "id": 1952401,
        "title": "Arteria world cover",
        "slug": null,
        "state": "public",
        "isWip": null,
        "isDraft": null,
        "entityClass": "Image",
        "icon": "fa-solid fa-image",
        "url": "https://www.worldanvil.com/uploads/images/6c977e75d750e89b02a0040abf994163.jpg",
        "subscribergroups": [],
        "folderId": null,
        "tags": "",
        "updateDate": {
            "date": "2021-02-07 07:25:04.000000",
            "timezone_type": 3,
            "timezone": "UTC"
        }
    },
    "flag": {
        "id": 1624801,
        "title": "venomcry.jpg",
        "slug": null,
        "state": "public",
        "isWip": null,
        "isDraft": null,
        "entityClass": "Image",
        "icon": "fa-solid fa-image",
        "url": "https://www.worldanvil.com/uploads/images/d51bb19cdd11987ac2c067e3c0ce49fd.jpg",
        "subscribergroups": [],
        "folderId": null,
        "tags": null,
        "updateDate": {
            "date": "2020-11-04 16:39:22.000000",
            "timezone_type": 3,
            "timezone": "UTC"
        }
    },
    "content": "A serious and expansive thieves guild based in Western Arteria. Hired for Assassinations.",
    "contentParsed": "A serious and expansive thieves guild based in Western Arteria. Hired for Assassinations.",
    "sections": {
        "displaySidebar": {
            "title": "",
            "position": "",
            "content": true,
            "contentParsed": "1"
        },
        "folderId": {
            "title": "",
            "position": "",
            "content": "-1",
            "contentParsed": "-1"
        },
        "motto": {
            "title": "",
            "position": "",
            "content": "[spoiler]Taste for poison.[/spoiler]",
            "contentParsed": "<div class=\" visibility-toggler\" id=\"3a3c7aabcff1eede8d523ab8db0b8f68\">\n              <a class=\"btn btn-sm btn-primary spoiler-button\" data-bs-toggle=\"collapse\" data-toggle=\"collapse\" href=\"#spoiler-FP4DN4\" >Show spoiler</a>\n              <div class=\"collapse spoiler-container card spoiler-card \" id=\"spoiler-FP4DN4\">\n                <div class=\"well card-body spoiler-content\">Taste for poison.</div>\n              </div>\n            </div>"
        },
        "alternativeNames": {
            "title": "",
            "position": "",
            "content": "The Trusted Devils, Friend",
            "contentParsed": "The Trusted Devils, Friend"
        },
        "structure": {
            "title": "",
            "position": "",
            "content": "Boss, Underboss, Consigliere, Caporegime, Soldier, Associate",
            "contentParsed": "Boss, Underboss, Consigliere, Caporegime, Soldier, Associate"
        }
    },
    "relations": {
        "childrenArticles": {
            "title": "",
            "position": "sidebar",
            "type": "collection",
            "items": [
                {
                    "id": "d16967e7-b771-4c2f-88ca-803c6e133331",
                    "title": "Agelmar Aloro",
                    "slug": "agelmar-aloro-article",
                    "url": "http://www.worldanvil.com/w/arteria-adorath/a/agelmar-aloro-article",
                    "relationshipType": "article",
                    "type": "person"
                },
                {
                    "id": "e91058c0-88b5-44a2-bf3f-7dee1ec3a8c8",
                    "title": "Leeland Peterson",
                    "slug": "leeland-peterson-person",
                    "url": "http://www.worldanvil.com/w/arteria-adorath/a/leeland-peterson-person",
                    "relationshipType": "article",
                    "type": "person"
                }
            ]
        },
        "memories": {
            "title": "",
            "position": "sidebar",
            "type": "collection"
        },
        "manuscripts": {
            "title": "",
            "position": "sidebar",
            "type": "collection"
        },
        "permeatedOrganizations": {
            "title": "",
            "position": "sidebar",
            "type": "collection"
        },
        "children": {
            "title": "",
            "position": "sidebar",
            "type": "collection",
            "items": [
                {
                    "id": "cc01cb79-4300-46ae-a565-c7a1c0d23482",
                    "title": "Venomcry",
                    "slug": "venomcry-article",
                    "url": "http://www.worldanvil.com/w/arteria-adorath/a/venomcry-article",
                    "relationshipType": "article",
                    "type": "organization"
                }
            ]
        },
        "maps": {
            "title": "",
            "position": "sidebar",
            "type": "collection",
            "items": [
                {
                    "id": "63233f3a-9590-4ca0-8e93-8f1154f56835",
                    "title": "Searsap Forest",
                    "slug": "",
                    "url": "",
                    "relationshipType": "",
                    "type": "map"
                }
            ]
        },
        "locations": {
            "title": "",
            "position": "sidebar",
            "type": "collection"
        },
        "manufactureditems": {
            "title": "",
            "position": "sidebar",
            "type": "collection"
        },
        "items": {
            "title": "",
            "position": "sidebar",
            "type": "collection"
        },
        "vehicles": {
            "title": "",
            "position": "sidebar",
            "type": "collection"
        },
        "manufacturedvehicles": {
            "title": "",
            "position": "sidebar",
            "type": "collection"
        },
        "people": {
            "title": "",
            "position": "sidebar",
            "type": "collection"
        },
        "familymembers": {
            "title": "",
            "position": "sidebar",
            "type": "collection"
        },
        "divines": {
            "title": "",
            "position": "sidebar",
            "type": "collection"
        },
        "flag": {
            "title": "",
            "position": "sidebar",
            "type": "singular",
            "items": {
                "id": 1624801,
                "title": "venomcry.jpg",
                "type": "image",
                "relationshipType": "",
                "state": "public"
            }
        },
        "geographicLocation": {
            "title": "",
            "position": "sidebar",
            "type": "singular",
            "items": {
                "id": "14eedbbd-cf0a-4caa-a5a2-746f4f31cf72",
                "title": "Wreecaster",
                "type": "location",
                "relationshipType": "article",
                "state": "public"
            }
        },
        "parent": {
            "title": "",
            "position": "sidebar",
            "type": "singular",
            "items": {
                "id": "cc01cb79-4300-46ae-a565-c7a1c0d23482",
                "title": "Venomcry",
                "type": "organization",
                "relationshipType": "article",
                "state": "public"
            }
        },
        "type": {
            "title": "",
            "position": "sidebar",
            "type": "singular",
            "items": {
                "id": "064a2694-ec8f-4049-8897-96a25bac5a71",
                "title": "Guild, Thieves",
                "type": "organizationtype",
                "relationshipType": "",
                "state": "null"
            }
        },
        "leader": {
            "title": "",
            "position": "sidebar",
            "type": "singular",
            "items": {
                "id": "d16967e7-b771-4c2f-88ca-803c6e133331",
                "title": "Agelmar Aloro",
                "type": "person",
                "relationshipType": "article",
                "state": "public"
            }
        },
        "traditions": {
            "title": "",
            "position": "sidebar",
            "type": "collection"
        },
        "myths": {
            "title": "",
            "position": "sidebar",
            "type": "collection"
        },
        "signeddocuments": {
            "title": "",
            "position": "sidebar",
            "type": "collection"
        },
        "organizationranks": {
            "title": "",
            "position": "sidebar",
            "type": "collection"
        },
        "otherpeople": {
            "title": "",
            "position": "sidebar",
            "type": "collection"
        },
        "belligerents": {
            "title": "",
            "position": "sidebar",
            "type": "collection"
        },
        "spells": {
            "title": "",
            "position": "sidebar",
            "type": "collection"
        },
        "plots": {
            "title": "",
            "position": "sidebar",
            "type": "collection"
        },
        "organizationformations": {
            "title": "",
            "position": "sidebar",
            "type": "collection"
        },
        "professions": {
            "title": "",
            "position": "sidebar",
            "type": "collection"
        },
        "contestedlocations": {
            "title": "",
            "position": "sidebar",
            "type": "collection",
            "items": [
                {
                    "id": "b19f77a8-6acf-4023-a7b2-978a6a11c150",
                    "title": "Searsap Forest",
                    "slug": "searsap-forest-article",
                    "url": "http://www.worldanvil.com/w/arteria-adorath/a/searsap-forest-article",
                    "relationshipType": "article",
                    "type": "location"
                }
            ]
        },
        "historicEntries": {
            "title": "",
            "position": "sidebar",
            "type": "collection"
        },
        "relatedSpecies": {
            "title": "",
            "position": "sidebar",
            "type": "collection"
        },
        "ethnicities": {
            "title": "",
            "position": "sidebar",
            "type": "collection"
        },
        "languages": {
            "title": "",
            "position": "sidebar",
            "type": "collection"
        },
        "predecessors": {
            "title": "",
            "position": "sidebar",
            "type": "collection"
        },
        "successors": {
            "title": "",
            "position": "sidebar",
            "type": "collection"
        },
        "deities": {
            "title": "",
            "position": "sidebar",
            "type": "collection"
        },
        "founders": {
            "title": "",
            "position": "sidebar",
            "type": "collection"
        }
    }
}