{
    "id": "8e078655-7c22-4318-9b73-7ae5fb333571",
    "title": "Baron Darius Thornfield",
    "slug": "baron-darius-thornfield-article",
    "state": "public",
    "isWip": true,
    "isDraft": false,
    "entityClass": "Person",
    "icon": "fa-solid fa-user-crown",
    "url": "http://www.worldanvil.com/w/arteria-adorath/a/baron-darius-thornfield-article",
    "subscribergroups": [],
    "folderId": "-1",
    "tags": "#Leaders,#Society-for-Magical-Progress,#Farofaen",
    "updateDate": {
        "date": "2021-03-12 04:39:24.000000",
        "timezone_type": 3,
        "timezone": "UTC"
    },
    "position": 1000,
    "excerpt": null,
    "template": "person",
    "wordcount": 85,
    "creationDate": {
        "date": "2019-09-03 02:49:57.000000",
        "timezone_type": 3,
        "timezone": "UTC"
    },
    "publicationDate": {
        "date": "2019-09-08 03:07:22.000000",
        "timezone_type": 3,
        "timezone": "UTC"
    },
    "notificationDate": null,
    "likes": null,
    "views": 97,
    "metadata_user": null,
    "metadata_article": null,
    "css_classes": null,
    "cssStyles": null,
    "passcode": null,
    "author": {
        "id": "8059089b-cf59-45b1-b328-a9efcd36f47b",
        "title": "adorath",
        "slug": null,
        "state": null,
        "isWip": null,
        "isDraft": null,
        "entityClass": "User",
        "icon": "fa-solid fa-user",
        "url": "http://www.worldanvil.com/author/adorath",
        "subscribergroups": [],
        "folderId": null,
        "tags": null,
        "updateDate": null
    },
    "category": {
        "id": "4af777ce-b34d-42f2-beaa-d829ed79a0ef",
        "title": "Thornfield",
        "slug": "thornfield-category",
        "url": "http://www.worldanvil.com/w/arteria-adorath/c/thornfield-category"
    },
    "world": {
        "id": "238a9dbc-1c3f-4f72-838f-336a90f6c31c",
        "title": "Arteria",
        "slug": "arteria-adorath",
        "state": "public",
        "isWip": null,
        "isDraft": null,
        "entityClass": "World",
        "icon": "fa-solid fa-globe-stand",
        "url": "http://www.worldanvil.com/w/arteria-adorath",
        "subscribergroups": [],
        "folderId": "-1",
        "tags": "",
        "updateDate": {
            "date": "2024-03-29 03:20:43.000000",
            "timezone_type": 3,
            "timezone": "UTC"
        }
    },
    "cover": {
        "id": 1952401,
        "title": "Arteria world cover",
        "slug": null,
        "state": "public",
        "isWip": null,
        "isDraft": null,
        "entityClass": "Image",
        "icon": "fa-solid fa-image",
        "url": "https://www.worldanvil.com/uploads/images/6c977e75d750e89b02a0040abf994163.jpg",
        "subscribergroups": [],
        "folderId": null,
        "tags": "",
        "updateDate": {
            "date": "2021-02-07 07:25:04.000000",
            "timezone_type": 3,
            "timezone": "UTC"
        }
    },
    "portrait": {
        "id": 2077003,
        "title": "Lord Darius Thornfield",
        "slug": null,
        "state": "public",
        "isWip": null,
        "isDraft": null,
        "entityClass": "Image",
        "icon": "fa-solid fa-image",
        "url": "https://www.worldanvil.com/uploads/images/a86e6605684af75d331c53b1cea982da.jpg",
        "subscribergroups": [],
        "folderId": null,
        "tags": null,
        "updateDate": {
            "date": "2021-03-12 04:36:47.000000",
            "timezone_type": 3,
            "timezone": "UTC"
        }
    },
    "content": "Archmage whose prowess has earned him a place as member of the Society for Magical Progress. He is a leader beloved by his people, the ruler and namesake of the city of Thornfield.",
    "contentParsed": "Archmage whose prowess has earned him a place as member of the Society for Magical Progress. He is a leader beloved by his people, the ruler and namesake of the city of Thornfield.",
    "sections": {
        "displaySidebar": {
            "title": "",
            "position": "",
            "content": true,
            "contentParsed": "1"
        },
        "folderId": {
            "title": "",
            "position": "",
            "content": "-1",
            "contentParsed": "-1"
        },
        "ggmjob": {
            "title": "",
            "position": "",
            "content": "Ruler of Farofaen",
            "contentParsed": "Ruler of Farofaen"
        },
        "ggmgoal": {
            "title": "",
            "position": "",
            "content": "Bring prosperity to his people",
            "contentParsed": "Bring prosperity to his people"
        },
        "ggmuse": {
            "title": "",
            "position": "",
            "content": "Quest giver, plot advancer, potential nemesis?",
            "contentParsed": "Quest giver, plot advancer, potential nemesis?"
        },
        "ggmquirk": {
            "title": "",
            "position": "",
            "content": "Unusual skin color (purple/birthmark)",
            "contentParsed": "Unusual skin color (purple/birthmark)"
        },
        "ggmequipment": {
            "title": "",
            "position": "",
            "content": "God's tears Item (staff? wand?)",
            "contentParsed": "God&#039;s tears Item (staff? wand?)"
        },
        "ggmtype": {
            "title": "",
            "position": "",
            "content": "plotter",
            "contentParsed": "plotter"
        },
        "ggmsubtype": {
            "title": "",
            "position": "",
            "content": "Plotter - Long Term",
            "contentParsed": "Plotter - Long Term"
        },
        "ggmlikeability": {
            "title": "",
            "position": "",
            "content": "4 - Likeable",
            "contentParsed": "4 - Likeable"
        },
        "ggmcompetence": {
            "title": "",
            "position": "",
            "content": "5 - Highly trained genius",
            "contentParsed": "5 - Highly trained genius"
        },
        "ggmproactivity": {
            "title": "",
            "position": "",
            "content": "2 - Little effort",
            "contentParsed": "2 - Little effort"
        },
        "ggmcoolness": {
            "title": "",
            "position": "",
            "content": "A leader for the people",
            "contentParsed": "A leader for the people"
        },
        "ggmfear": {
            "title": "",
            "position": "",
            "content": "His secrets will be found out.",
            "contentParsed": "His secrets will be found out."
        }
    },
    "relations": {
        "childrenArticles": {
            "title": "",
            "position": "sidebar",
            "type": "collection",
            "items": [
                {
                    "id": "8955053b-9c82-485c-a6db-e3bfc8c103f8",
                    "title": "Thornfield's Staff",
                    "slug": "thornfield27s-staff-article",
                    "url": "http://www.worldanvil.com/w/arteria-adorath/a/thornfield27s-staff-article",
                    "relationshipType": "article",
                    "type": "item"
                },
                {
                    "id": "4c599005-3462-49be-bf73-beea46894936",
                    "title": "Raz Boughman",
                    "slug": "raz-boughman-article",
                    "url": "http://www.worldanvil.com/w/arteria-adorath/a/raz-boughman-article",
                    "relationshipType": "article",
                    "type": "person"
                }
            ]
        },
        "memories": {
            "title": "",
            "position": "sidebar",
            "type": "collection"
        },
        "manuscripts": {
            "title": "",
            "position": "sidebar",
            "type": "collection"
        },
        "locations": {
            "title": "",
            "position": "sidebar",
            "type": "collection",
            "items": [
                {
                    "id": "76d498f8-506b-435f-a9aa-2d35dbc5ad0c",
                    "title": "Arborport",
                    "slug": "arborport-article",
                    "url": "http://www.worldanvil.com/w/arteria-adorath/a/arborport-article",
                    "relationshipType": "article",
                    "type": "location"
                },
                {
                    "id": "b3d05b59-ef3e-4a49-8586-8571ca5dacc5",
                    "title": "Thornfield",
                    "slug": "thornfield-article",
                    "url": "http://www.worldanvil.com/w/arteria-adorath/a/thornfield-article",
                    "relationshipType": "article",
                    "type": "location"
                }
            ]
        },
        "families": {
            "title": "",
            "position": "sidebar",
            "type": "collection"
        },
        "organizations": {
            "title": "",
            "position": "sidebar",
            "type": "collection"
        },
        "vehicles": {
            "title": "",
            "position": "sidebar",
            "type": "collection"
        },
        "firstHeldRanks": {
            "title": "",
            "position": "sidebar",
            "type": "collection"
        },
        "heldItems": {
            "title": "",
            "position": "sidebar",
            "type": "collection"
        },
        "createditems": {
            "title": "",
            "position": "sidebar",
            "type": "collection"
        },
        "foundedLocations": {
            "title": "",
            "position": "sidebar",
            "type": "collection"
        },
        "ruledLocations": {
            "title": "",
            "position": "sidebar",
            "type": "collection"
        },
        "religions": {
            "title": "",
            "position": "sidebar",
            "type": "collection"
        },
        "professions": {
            "title": "",
            "position": "sidebar",
            "type": "collection"
        },
        "myths": {
            "title": "",
            "position": "sidebar",
            "type": "collection"
        },
        "belligerents": {
            "title": "",
            "position": "sidebar",
            "type": "collection"
        },
        "currentRanks": {
            "title": "",
            "position": "sidebar",
            "type": "collection"
        },
        "pastRanks": {
            "title": "",
            "position": "sidebar",
            "type": "collection"
        },
        "plots": {
            "title": "",
            "position": "sidebar",
            "type": "collection"
        },
        "documentsauthored": {
            "title": "",
            "position": "sidebar",
            "type": "collection"
        },
        "documentssigned": {
            "title": "",
            "position": "sidebar",
            "type": "collection"
        },
        "historicalEntries": {
            "title": "",
            "position": "sidebar",
            "type": "collection"
        },
        "conditions": {
            "title": "",
            "position": "sidebar",
            "type": "collection"
        },
        "otherethnicities": {
            "title": "",
            "position": "sidebar",
            "type": "collection"
        },
        "proses": {
            "title": "",
            "position": "sidebar",
            "type": "collection"
        },
        "relatedorganizations": {
            "title": "",
            "position": "sidebar",
            "type": "collection"
        },
        "relatedReports": {
            "title": "",
            "position": "sidebar",
            "type": "collection"
        },
        "foundedOrganizations": {
            "title": "",
            "position": "sidebar",
            "type": "collection"
        }
    }
}