{
    "id": "1ba85e7b-387a-4bf8-b19a-59a3052634e3",
    "title": "Octavius ",
    "slug": "octavius--person",
    "state": "public",
    "isWip": true,
    "isDraft": false,
    "entityClass": "Person",
    "icon": "fa-solid fa-user-crown",
    "url": "http://www.worldanvil.com/w/arteria-adorath/a/octavius--person",
    "subscribergroups": [],
    "folderId": "-1",
    "tags": null,
    "updateDate": {
        "date": "2020-11-15 06:39:52.000000",
        "timezone_type": 3,
        "timezone": "UTC"
    },
    "position": 990,
    "excerpt": null,
    "template": "person",
    "wordcount": 113,
    "creationDate": {
        "date": "2020-11-15 06:39:52.000000",
        "timezone_type": 3,
        "timezone": "UTC"
    },
    "publicationDate": {
        "date": "2020-11-20 05:08:29.000000",
        "timezone_type": 3,
        "timezone": "UTC"
    },
    "notificationDate": null,
    "likes": null,
    "views": 59,
    "metadata_user": null,
    "metadata_article": null,
    "css_classes": null,
    "cssStyles": null,
    "passcode": null,
    "author": {
        "id": "8059089b-cf59-45b1-b328-a9efcd36f47b",
        "title": "adorath",
        "slug": null,
        "state": null,
        "isWip": null,
        "isDraft": null,
        "entityClass": "User",
        "icon": "fa-solid fa-user",
        "url": "http://www.worldanvil.com/author/adorath",
        "subscribergroups": [],
        "folderId": null,
        "tags": null,
        "updateDate": null
    },
    "category": {
        "id": "4af777ce-b34d-42f2-beaa-d829ed79a0ef",
        "title": "Thornfield",
        "slug": "thornfield-category",
        "url": "http://www.worldanvil.com/w/arteria-adorath/c/thornfield-category"
    },
    "world": {
        "id": "238a9dbc-1c3f-4f72-838f-336a90f6c31c",
        "title": "Arteria",
        "slug": "arteria-adorath",
        "state": "public",
        "isWip": null,
        "isDraft": null,
        "entityClass": "World",
        "icon": "fa-solid fa-globe-stand",
        "url": "http://www.worldanvil.com/w/arteria-adorath",
        "subscribergroups": [],
        "folderId": "-1",
        "tags": "",
        "updateDate": {
            "date": "2024-03-29 03:20:43.000000",
            "timezone_type": 3,
            "timezone": "UTC"
        }
    },
    "cover": {
        "id": 1952401,
        "title": "Arteria world cover",
        "slug": null,
        "state": "public",
        "isWip": null,
        "isDraft": null,
        "entityClass": "Image",
        "icon": "fa-solid fa-image",
        "url": "https://www.worldanvil.com/uploads/images/6c977e75d750e89b02a0040abf994163.jpg",
        "subscribergroups": [],
        "folderId": null,
        "tags": "",
        "updateDate": {
            "date": "2021-02-07 07:25:04.000000",
            "timezone_type": 3,
            "timezone": "UTC"
        }
    },
    "content": "Octavius is a tottering older gentleman, in a long blue overcoat that covers a red robe, he is surrounded by a bit of a musty odor. He is sallow, bespectacled, and has unusually long finger nails. His partner sits at a counter, that is covered, by yet more oddities. You can barely see him through the piles. If you had to guess he does not move from behind that desk very often, he has a large belly, and a stringy white beard. He wears a brown robe and fantasy loafers. There's a filing cabinet next to him, though it clearly serves no purpose. He is the one that generally handles the money.",
    "contentParsed": "Octavius is a tottering older gentleman, in a long blue overcoat that covers a red robe, he is surrounded by a bit of a musty odor. He is sallow, bespectacled, and has unusually long finger nails. His partner sits at a counter, that is covered, by yet more oddities. You can barely see him through the piles. If you had to guess he does not move from behind that desk very often, he has a large belly, and a stringy white beard. He wears a brown robe and fantasy loafers. There&#039;s a filing cabinet next to him, though it clearly serves no purpose. He is the one that generally handles the money.",
    "sections": {
        "displaySidebar": {
            "title": "",
            "position": "",
            "content": true,
            "contentParsed": "1"
        },
        "folderId": {
            "title": "",
            "position": "",
            "content": "-1",
            "contentParsed": "-1"
        }
    },
    "relations": {
        "childrenArticles": {
            "title": "",
            "position": "sidebar",
            "type": "collection"
        },
        "memories": {
            "title": "",
            "position": "sidebar",
            "type": "collection"
        },
        "manuscripts": {
            "title": "",
            "position": "sidebar",
            "type": "collection"
        },
        "locations": {
            "title": "",
            "position": "sidebar",
            "type": "collection"
        },
        "families": {
            "title": "",
            "position": "sidebar",
            "type": "collection"
        },
        "organizations": {
            "title": "",
            "position": "sidebar",
            "type": "collection"
        },
        "vehicles": {
            "title": "",
            "position": "sidebar",
            "type": "collection"
        },
        "firstHeldRanks": {
            "title": "",
            "position": "sidebar",
            "type": "collection"
        },
        "heldItems": {
            "title": "",
            "position": "sidebar",
            "type": "collection"
        },
        "createditems": {
            "title": "",
            "position": "sidebar",
            "type": "collection"
        },
        "foundedLocations": {
            "title": "",
            "position": "sidebar",
            "type": "collection"
        },
        "ruledLocations": {
            "title": "",
            "position": "sidebar",
            "type": "collection"
        },
        "religions": {
            "title": "",
            "position": "sidebar",
            "type": "collection"
        },
        "professions": {
            "title": "",
            "position": "sidebar",
            "type": "collection"
        },
        "myths": {
            "title": "",
            "position": "sidebar",
            "type": "collection"
        },
        "belligerents": {
            "title": "",
            "position": "sidebar",
            "type": "collection"
        },
        "currentRanks": {
            "title": "",
            "position": "sidebar",
            "type": "collection"
        },
        "pastRanks": {
            "title": "",
            "position": "sidebar",
            "type": "collection"
        },
        "plots": {
            "title": "",
            "position": "sidebar",
            "type": "collection"
        },
        "documentsauthored": {
            "title": "",
            "position": "sidebar",
            "type": "collection"
        },
        "documentssigned": {
            "title": "",
            "position": "sidebar",
            "type": "collection"
        },
        "historicalEntries": {
            "title": "",
            "position": "sidebar",
            "type": "collection"
        },
        "conditions": {
            "title": "",
            "position": "sidebar",
            "type": "collection"
        },
        "otherethnicities": {
            "title": "",
            "position": "sidebar",
            "type": "collection"
        },
        "proses": {
            "title": "",
            "position": "sidebar",
            "type": "collection"
        },
        "relatedorganizations": {
            "title": "",
            "position": "sidebar",
            "type": "collection"
        },
        "relatedReports": {
            "title": "",
            "position": "sidebar",
            "type": "collection"
        },
        "foundedOrganizations": {
            "title": "",
            "position": "sidebar",
            "type": "collection"
        }
    }
}