{
    "id": "ee7bc95c-011a-49c1-bd9a-7521c9c7f446",
    "title": "The Great Rift",
    "slug": "the-great-rift-article",
    "state": "public",
    "isWip": true,
    "isDraft": false,
    "entityClass": "Landmark",
    "icon": "fa-solid fa-file",
    "url": "http://www.worldanvil.com/w/arteria-adorath/a/the-great-rift-article",
    "subscribergroups": [],
    "folderId": "-1",
    "tags": "",
    "updateDate": {
        "date": "2019-09-09 00:21:32.000000",
        "timezone_type": 3,
        "timezone": "UTC"
    },
    "position": 990,
    "excerpt": null,
    "template": "landmark",
    "wordcount": 29,
    "creationDate": {
        "date": "2019-09-09 00:14:41.000000",
        "timezone_type": 3,
        "timezone": "UTC"
    },
    "publicationDate": {
        "date": "2021-02-07 08:10:33.000000",
        "timezone_type": 3,
        "timezone": "UTC"
    },
    "notificationDate": null,
    "likes": null,
    "views": 8,
    "metadata_user": null,
    "metadata_article": null,
    "css_classes": null,
    "cssStyles": null,
    "passcode": null,
    "author": {
        "id": "8059089b-cf59-45b1-b328-a9efcd36f47b",
        "title": "adorath",
        "slug": null,
        "state": null,
        "isWip": null,
        "isDraft": null,
        "entityClass": "User",
        "icon": "fa-solid fa-user",
        "url": "http://www.worldanvil.com/author/adorath",
        "subscribergroups": [],
        "folderId": null,
        "tags": null,
        "updateDate": null
    },
    "category": {
        "id": "e001ba7d-8915-4b5c-a444-ce2495102f98",
        "title": "The Great Rift",
        "slug": "the-great-rift-category",
        "url": "http://www.worldanvil.com/w/arteria-adorath/c/the-great-rift-category"
    },
    "world": {
        "id": "238a9dbc-1c3f-4f72-838f-336a90f6c31c",
        "title": "Arteria",
        "slug": "arteria-adorath",
        "state": "public",
        "isWip": null,
        "isDraft": null,
        "entityClass": "World",
        "icon": "fa-solid fa-globe-stand",
        "url": "http://www.worldanvil.com/w/arteria-adorath",
        "subscribergroups": [],
        "folderId": "-1",
        "tags": "",
        "updateDate": {
            "date": "2024-03-29 03:20:43.000000",
            "timezone_type": 3,
            "timezone": "UTC"
        }
    },
    "cover": {
        "id": 1952401,
        "title": "Arteria world cover",
        "slug": null,
        "state": "public",
        "isWip": null,
        "isDraft": null,
        "entityClass": "Image",
        "icon": "fa-solid fa-image",
        "url": "https://www.worldanvil.com/uploads/images/6c977e75d750e89b02a0040abf994163.jpg",
        "subscribergroups": [],
        "folderId": null,
        "tags": "",
        "updateDate": {
            "date": "2021-02-07 07:25:04.000000",
            "timezone_type": 3,
            "timezone": "UTC"
        }
    },
    "content": "The earth collapsed in on itself after hundreds of years of mining for God's Tears. It is rife with mining tunnels, and ruins of old cities.",
    "contentParsed": "The earth collapsed in on itself after hundreds of years of mining for God&#039;s Tears. It is rife with mining tunnels, and ruins of old cities.",
    "sections": {
        "displaySidebar": {
            "title": "",
            "position": "",
            "content": true,
            "contentParsed": "1"
        },
        "folderId": {
            "title": "",
            "position": "",
            "content": "-1",
            "contentParsed": "-1"
        }
    },
    "relations": {
        "childrenArticles": {
            "title": "",
            "position": "sidebar",
            "type": "collection"
        },
        "memories": {
            "title": "",
            "position": "sidebar",
            "type": "collection"
        },
        "manuscripts": {
            "title": "",
            "position": "sidebar",
            "type": "collection"
        },
        "relatedHistories": {
            "title": "",
            "position": "sidebar",
            "type": "collection"
        },
        "rituals": {
            "title": "",
            "position": "sidebar",
            "type": "collection"
        },
        "people": {
            "title": "",
            "position": "sidebar",
            "type": "collection"
        },
        "items": {
            "title": "",
            "position": "sidebar",
            "type": "collection"
        },
        "documents": {
            "title": "",
            "position": "sidebar",
            "type": "collection"
        },
        "maps": {
            "title": "",
            "position": "sidebar",
            "type": "collection"
        },
        "children": {
            "title": "",
            "position": "sidebar",
            "type": "collection",
            "items": [
                {
                    "id": "ee7bc95c-011a-49c1-bd9a-7521c9c7f446",
                    "title": "The Great Rift",
                    "slug": "the-great-rift-article",
                    "url": "http://www.worldanvil.com/w/arteria-adorath/a/the-great-rift-article",
                    "relationshipType": "article",
                    "type": "location"
                }
            ]
        },
        "claimedCapitals": {
            "title": "",
            "position": "sidebar",
            "type": "collection"
        },
        "includedOrganizations": {
            "title": "",
            "position": "sidebar",
            "type": "collection"
        },
        "divines": {
            "title": "",
            "position": "sidebar",
            "type": "collection"
        },
        "reportprimarylocations": {
            "title": "",
            "position": "sidebar",
            "type": "collection"
        },
        "reportsecondarylocations": {
            "title": "",
            "position": "sidebar",
            "type": "collection"
        },
        "conflicts": {
            "title": "",
            "position": "sidebar",
            "type": "collection"
        },
        "characters": {
            "title": "",
            "position": "sidebar",
            "type": "collection"
        },
        "vehiclesPresent": {
            "title": "",
            "position": "sidebar",
            "type": "collection"
        },
        "parent": {
            "title": "",
            "position": "sidebar",
            "type": "singular",
            "items": {
                "id": "ee7bc95c-011a-49c1-bd9a-7521c9c7f446",
                "title": "The Great Rift",
                "type": "location",
                "relationshipType": "article",
                "state": "public"
            }
        },
        "type": {
            "title": "",
            "position": "sidebar",
            "type": "singular",
            "items": {
                "id": "f011a00c-5747-4153-9dd9-69711d85a3a6",
                "title": "Geographic Feature",
                "type": "locationtype",
                "relationshipType": "",
                "state": "null"
            }
        },
        "founders": {
            "title": "",
            "position": "sidebar",
            "type": "collection"
        },
        "additionalRulers": {
            "title": "",
            "position": "sidebar",
            "type": "collection"
        },
        "contenders": {
            "title": "",
            "position": "sidebar",
            "type": "collection"
        },
        "connectedRooms": {
            "title": "",
            "position": "sidebar",
            "type": "collection"
        },
        "rooms": {
            "title": "",
            "position": "sidebar",
            "type": "collection"
        },
        "materials": {
            "title": "",
            "position": "sidebar",
            "type": "collection"
        },
        "ranks": {
            "title": "",
            "position": "sidebar",
            "type": "collection"
        },
        "myths": {
            "title": "",
            "position": "sidebar",
            "type": "collection"
        },
        "plots": {
            "title": "",
            "position": "sidebar",
            "type": "collection"
        },
        "professions": {
            "title": "",
            "position": "sidebar",
            "type": "collection"
        },
        "ethnicities": {
            "title": "",
            "position": "sidebar",
            "type": "collection"
        },
        "species": {
            "title": "",
            "position": "sidebar",
            "type": "collection"
        },
        "importantTraditions": {
            "title": "",
            "position": "sidebar",
            "type": "collection"
        }
    }
}