{
    "id": "14eedbbd-cf0a-4caa-a5a2-746f4f31cf72",
    "title": "Wreecaster",
    "slug": "wreecaster-article",
    "state": "public",
    "isWip": true,
    "isDraft": false,
    "entityClass": "Settlement",
    "icon": "fa-solid fa-file",
    "url": "http://www.worldanvil.com/w/arteria-adorath/a/wreecaster-article",
    "subscribergroups": [],
    "folderId": "-1",
    "tags": "",
    "updateDate": {
        "date": "2019-09-08 23:47:05.000000",
        "timezone_type": 3,
        "timezone": "UTC"
    },
    "position": 980,
    "excerpt": null,
    "template": "settlement",
    "wordcount": 1,
    "creationDate": {
        "date": "2019-09-08 23:35:54.000000",
        "timezone_type": 3,
        "timezone": "UTC"
    },
    "publicationDate": {
        "date": "2019-09-08 23:47:05.000000",
        "timezone_type": 3,
        "timezone": "UTC"
    },
    "notificationDate": null,
    "likes": null,
    "views": 35,
    "metadata_user": null,
    "metadata_article": null,
    "css_classes": null,
    "cssStyles": null,
    "passcode": null,
    "author": {
        "id": "8059089b-cf59-45b1-b328-a9efcd36f47b",
        "title": "adorath",
        "slug": null,
        "state": null,
        "isWip": null,
        "isDraft": null,
        "entityClass": "User",
        "icon": "fa-solid fa-user",
        "url": "http://www.worldanvil.com/author/adorath",
        "subscribergroups": [],
        "folderId": null,
        "tags": null,
        "updateDate": null
    },
    "category": {
        "id": "e001ba7d-8915-4b5c-a444-ce2495102f98",
        "title": "The Great Rift",
        "slug": "the-great-rift-category",
        "url": "http://www.worldanvil.com/w/arteria-adorath/c/the-great-rift-category"
    },
    "world": {
        "id": "238a9dbc-1c3f-4f72-838f-336a90f6c31c",
        "title": "Arteria",
        "slug": "arteria-adorath",
        "state": "public",
        "isWip": null,
        "isDraft": null,
        "entityClass": "World",
        "icon": "fa-solid fa-globe-stand",
        "url": "http://www.worldanvil.com/w/arteria-adorath",
        "subscribergroups": [],
        "folderId": "-1",
        "tags": "",
        "updateDate": {
            "date": "2024-03-29 03:20:43.000000",
            "timezone_type": 3,
            "timezone": "UTC"
        }
    },
    "cover": {
        "id": 1952401,
        "title": "Arteria world cover",
        "slug": null,
        "state": "public",
        "isWip": null,
        "isDraft": null,
        "entityClass": "Image",
        "icon": "fa-solid fa-image",
        "url": "https://www.worldanvil.com/uploads/images/6c977e75d750e89b02a0040abf994163.jpg",
        "subscribergroups": [],
        "folderId": null,
        "tags": "",
        "updateDate": {
            "date": "2021-02-07 07:25:04.000000",
            "timezone_type": 3,
            "timezone": "UTC"
        }
    },
    "content": null,
    "contentParsed": "",
    "sections": {
        "displaySidebar": {
            "title": "",
            "position": "",
            "content": true,
            "contentParsed": "1"
        },
        "folderId": {
            "title": "",
            "position": "",
            "content": "-1",
            "contentParsed": "-1"
        }
    },
    "relations": {
        "childrenArticles": {
            "title": "",
            "position": "sidebar",
            "type": "collection"
        },
        "memories": {
            "title": "",
            "position": "sidebar",
            "type": "collection"
        },
        "manuscripts": {
            "title": "",
            "position": "sidebar",
            "type": "collection"
        },
        "relatedHistories": {
            "title": "",
            "position": "sidebar",
            "type": "collection"
        },
        "rituals": {
            "title": "",
            "position": "sidebar",
            "type": "collection"
        },
        "people": {
            "title": "",
            "position": "sidebar",
            "type": "collection"
        },
        "items": {
            "title": "",
            "position": "sidebar",
            "type": "collection"
        },
        "documents": {
            "title": "",
            "position": "sidebar",
            "type": "collection"
        },
        "maps": {
            "title": "",
            "position": "sidebar",
            "type": "collection"
        },
        "children": {
            "title": "",
            "position": "sidebar",
            "type": "collection"
        },
        "claimedCapitals": {
            "title": "",
            "position": "sidebar",
            "type": "collection"
        },
        "includedOrganizations": {
            "title": "",
            "position": "sidebar",
            "type": "collection",
            "items": [
                {
                    "id": "cc01cb79-4300-46ae-a565-c7a1c0d23482",
                    "title": "Venomcry",
                    "slug": "venomcry-article",
                    "url": "http://www.worldanvil.com/w/arteria-adorath/a/venomcry-article",
                    "relationshipType": "article",
                    "type": "organization"
                }
            ]
        },
        "divines": {
            "title": "",
            "position": "sidebar",
            "type": "collection"
        },
        "reportprimarylocations": {
            "title": "",
            "position": "sidebar",
            "type": "collection"
        },
        "reportsecondarylocations": {
            "title": "",
            "position": "sidebar",
            "type": "collection"
        },
        "conflicts": {
            "title": "",
            "position": "sidebar",
            "type": "collection"
        },
        "characters": {
            "title": "",
            "position": "sidebar",
            "type": "collection"
        },
        "vehiclesPresent": {
            "title": "",
            "position": "sidebar",
            "type": "collection"
        },
        "founders": {
            "title": "",
            "position": "sidebar",
            "type": "collection"
        },
        "additionalRulers": {
            "title": "",
            "position": "sidebar",
            "type": "collection"
        },
        "contenders": {
            "title": "",
            "position": "sidebar",
            "type": "collection"
        },
        "connectedRooms": {
            "title": "",
            "position": "sidebar",
            "type": "collection"
        },
        "rooms": {
            "title": "",
            "position": "sidebar",
            "type": "collection"
        },
        "materials": {
            "title": "",
            "position": "sidebar",
            "type": "collection"
        },
        "ranks": {
            "title": "",
            "position": "sidebar",
            "type": "collection"
        },
        "myths": {
            "title": "",
            "position": "sidebar",
            "type": "collection"
        },
        "plots": {
            "title": "",
            "position": "sidebar",
            "type": "collection"
        },
        "professions": {
            "title": "",
            "position": "sidebar",
            "type": "collection"
        },
        "ethnicities": {
            "title": "",
            "position": "sidebar",
            "type": "collection"
        },
        "species": {
            "title": "",
            "position": "sidebar",
            "type": "collection"
        },
        "importantTraditions": {
            "title": "",
            "position": "sidebar",
            "type": "collection"
        }
    }
}