{
    "id": "3938737e-d7bf-440c-b533-14809121e196",
    "title": "Player Notes",
    "slug": "player-notes-category",
    "state": "public",
    "isWip": null,
    "isDraft": null,
    "entityClass": "Category",
    "icon": "fa-solid fa-folder",
    "url": "http://www.worldanvil.com/w/arteria-adorath/c/player-notes-category",
    "subscribergroups": [],
    "folderId": null,
    "tags": null,
    "updateDate": null,
    "description": null,
    "excerpt": "Stuff for AAA",
    "isBook": false,
    "displayBookTitle": true,
    "isCollapsed": false,
    "position": 960,
    "creationDate": {
        "date": "2023-04-15 13:43:06.000000",
        "timezone_type": 3,
        "timezone": "UTC"
    },
    "views": 1,
    "parent": null,
    "articleRedirect": null,
    "custom1": null,
    "custom2": null,
    "custom3": null,
    "custom4": null,
    "custom5": null,
    "cssClasses": null,
    "systemMeta": "{\"catCol1\":[\"custom1\"],\"catCol2\":[\"custom2\",\"toc\"],\"catCol3\":[\"custom3\",\"articleBlocks\"],\"catCol4\":[\"custom4\",\"maps\",\"timelines\"],\"catCol5\":[\"custom5\"]}"
}