{
    "id": "5a57100e-9113-44b2-8400-b1f9f99969fc",
    "title": "Charles Vane",
    "slug": "charles-vane-article",
    "state": "public",
    "isWip": true,
    "isDraft": false,
    "entityClass": "Person",
    "icon": "fa-solid fa-user-crown",
    "url": "http://www.worldanvil.com/w/arteria-adorath/a/charles-vane-article",
    "subscribergroups": [],
    "folderId": "-1",
    "tags": "",
    "updateDate": {
        "date": "2021-02-07 16:38:53.000000",
        "timezone_type": 3,
        "timezone": "UTC"
    },
    "position": 990,
    "excerpt": null,
    "template": "person",
    "wordcount": 55,
    "creationDate": {
        "date": "2019-09-08 17:46:33.000000",
        "timezone_type": 3,
        "timezone": "UTC"
    },
    "publicationDate": {
        "date": "2019-09-08 17:54:14.000000",
        "timezone_type": 3,
        "timezone": "UTC"
    },
    "notificationDate": null,
    "likes": null,
    "views": 16,
    "metadata_user": null,
    "metadata_article": null,
    "css_classes": null,
    "cssStyles": null,
    "passcode": null,
    "author": {
        "id": "8059089b-cf59-45b1-b328-a9efcd36f47b",
        "title": "adorath",
        "slug": null,
        "state": null,
        "isWip": null,
        "isDraft": null,
        "entityClass": "User",
        "icon": "fa-solid fa-user",
        "url": "http://www.worldanvil.com/author/adorath",
        "subscribergroups": [],
        "folderId": null,
        "tags": null,
        "updateDate": null
    },
    "world": {
        "id": "238a9dbc-1c3f-4f72-838f-336a90f6c31c",
        "title": "Arteria",
        "slug": "arteria-adorath",
        "state": "public",
        "isWip": null,
        "isDraft": null,
        "entityClass": "World",
        "icon": "fa-solid fa-globe-stand",
        "url": "http://www.worldanvil.com/w/arteria-adorath",
        "subscribergroups": [],
        "folderId": "-1",
        "tags": "",
        "updateDate": {
            "date": "2024-03-29 03:20:43.000000",
            "timezone_type": 3,
            "timezone": "UTC"
        }
    },
    "cover": {
        "id": 1953847,
        "title": "Bounty2.jpg",
        "slug": null,
        "state": "public",
        "isWip": null,
        "isDraft": null,
        "entityClass": "Image",
        "icon": "fa-solid fa-image",
        "url": "https://www.worldanvil.com/uploads/images/0a71ea9d8b27b51cb5c2e80e1c14a125.jpg",
        "subscribergroups": [],
        "folderId": null,
        "tags": null,
        "updateDate": {
            "date": "2021-02-07 16:37:52.000000",
            "timezone_type": 3,
            "timezone": "UTC"
        }
    },
    "content": "An outlaw residing in the Searsap forest with a bounty on his head. 500 gp at the start of the campaign. He is accused of robbing caravans going from Thornfield to Arborport.",
    "contentParsed": "An outlaw residing in the Searsap forest with a bounty on his head. 500 gp at the start of the campaign. He is accused of robbing caravans going from Thornfield to Arborport.",
    "sections": {
        "seeded": {
            "title": "",
            "position": "",
            "content": "AFAB, FtM",
            "contentParsed": "AFAB, FtM"
        },
        "displaySidebar": {
            "title": "",
            "position": "",
            "content": true,
            "contentParsed": "1"
        },
        "folderId": {
            "title": "",
            "position": "",
            "content": "-1",
            "contentParsed": "-1"
        },
        "firstname": {
            "title": "",
            "position": "",
            "content": "Charles",
            "contentParsed": "Charles"
        },
        "lastname": {
            "title": "",
            "position": "",
            "content": "Vane",
            "contentParsed": "Vane"
        },
        "eyes": {
            "title": "",
            "position": "",
            "content": "Deep Green",
            "contentParsed": "Deep Green"
        },
        "hair": {
            "title": "",
            "position": "",
            "content": "Short cropped",
            "contentParsed": "Short cropped"
        },
        "skin": {
            "title": "",
            "position": "",
            "content": "Tanned",
            "contentParsed": "Tanned"
        },
        "height": {
            "title": "",
            "position": "",
            "content": "5'10\"",
            "contentParsed": "5&#039;10&quot;"
        },
        "weight": {
            "title": "",
            "position": "",
            "content": "160",
            "contentParsed": "160"
        },
        "gender": {
            "title": "",
            "position": "",
            "content": "Female",
            "contentParsed": "Female"
        },
        "employment": {
            "title": "",
            "position": "",
            "content": "Employed as a baker before turning to banditry.",
            "contentParsed": "Employed as a baker before turning to banditry."
        },
        "taboos": {
            "title": "",
            "position": "",
            "content": "AFAB, FtM",
            "contentParsed": "AFAB, FtM"
        },
        "sexuality": {
            "title": "",
            "position": "",
            "content": "Straight",
            "contentParsed": "Straight"
        },
        "genderidentity": {
            "title": "",
            "position": "",
            "content": "Male",
            "contentParsed": "Male"
        },
        "languages": {
            "title": "",
            "position": "",
            "content": "Common",
            "contentParsed": "Common"
        }
    },
    "relations": {
        "childrenArticles": {
            "title": "",
            "position": "sidebar",
            "type": "collection"
        },
        "memories": {
            "title": "",
            "position": "sidebar",
            "type": "collection"
        },
        "articleParent": {
            "title": "",
            "position": "sidebar",
            "type": "singular",
            "items": {
                "id": "b19f77a8-6acf-4023-a7b2-978a6a11c150",
                "title": "Searsap Forest",
                "type": "location",
                "relationshipType": "article",
                "state": "public"
            }
        },
        "cover": {
            "title": "",
            "position": "sidebar",
            "type": "singular",
            "items": {
                "id": 1953847,
                "title": "Bounty2.jpg",
                "type": "image",
                "relationshipType": "",
                "state": "public"
            }
        },
        "manuscripts": {
            "title": "",
            "position": "sidebar",
            "type": "collection"
        },
        "locations": {
            "title": "",
            "position": "sidebar",
            "type": "collection"
        },
        "families": {
            "title": "",
            "position": "sidebar",
            "type": "collection"
        },
        "organizations": {
            "title": "",
            "position": "sidebar",
            "type": "collection"
        },
        "vehicles": {
            "title": "",
            "position": "sidebar",
            "type": "collection"
        },
        "firstHeldRanks": {
            "title": "",
            "position": "sidebar",
            "type": "collection"
        },
        "heldItems": {
            "title": "",
            "position": "sidebar",
            "type": "collection"
        },
        "createditems": {
            "title": "",
            "position": "sidebar",
            "type": "collection"
        },
        "species": {
            "title": "",
            "position": "sidebar",
            "type": "singular",
            "items": {
                "id": "bf99d558-74d1-4e89-88b8-7322550711bd",
                "title": "Human",
                "type": "species",
                "relationshipType": "article",
                "state": "public"
            }
        },
        "currentLocation": {
            "title": "",
            "position": "sidebar",
            "type": "singular",
            "items": {
                "id": "b19f77a8-6acf-4023-a7b2-978a6a11c150",
                "title": "Searsap Forest",
                "type": "location",
                "relationshipType": "article",
                "state": "public"
            }
        },
        "foundedLocations": {
            "title": "",
            "position": "sidebar",
            "type": "collection"
        },
        "ruledLocations": {
            "title": "",
            "position": "sidebar",
            "type": "collection"
        },
        "religions": {
            "title": "",
            "position": "sidebar",
            "type": "collection"
        },
        "professions": {
            "title": "",
            "position": "sidebar",
            "type": "collection"
        },
        "myths": {
            "title": "",
            "position": "sidebar",
            "type": "collection"
        },
        "belligerents": {
            "title": "",
            "position": "sidebar",
            "type": "collection"
        },
        "currentRanks": {
            "title": "",
            "position": "sidebar",
            "type": "collection"
        },
        "pastRanks": {
            "title": "",
            "position": "sidebar",
            "type": "collection"
        },
        "plots": {
            "title": "",
            "position": "sidebar",
            "type": "collection"
        },
        "documentsauthored": {
            "title": "",
            "position": "sidebar",
            "type": "collection"
        },
        "documentssigned": {
            "title": "",
            "position": "sidebar",
            "type": "collection"
        },
        "historicalEntries": {
            "title": "",
            "position": "sidebar",
            "type": "collection"
        },
        "conditions": {
            "title": "",
            "position": "sidebar",
            "type": "collection"
        },
        "otherethnicities": {
            "title": "",
            "position": "sidebar",
            "type": "collection"
        },
        "proses": {
            "title": "",
            "position": "sidebar",
            "type": "collection"
        },
        "relatedorganizations": {
            "title": "",
            "position": "sidebar",
            "type": "collection"
        },
        "relatedReports": {
            "title": "",
            "position": "sidebar",
            "type": "collection"
        },
        "foundedOrganizations": {
            "title": "",
            "position": "sidebar",
            "type": "collection"
        }
    }
}