{
    "id": "6f3e6208-0235-48ea-8594-d56163d027db",
    "title": "Under Construction",
    "slug": "under-construction-category",
    "state": "public",
    "isWip": null,
    "isDraft": null,
    "entityClass": "Category",
    "icon": "fa-solid fa-folder",
    "url": "http://www.worldanvil.com/w/arteria-adorath/c/under-construction-category",
    "subscribergroups": [],
    "folderId": null,
    "tags": null,
    "updateDate": null,
    "description": null,
    "excerpt": null,
    "isBook": false,
    "displayBookTitle": true,
    "isCollapsed": false,
    "position": 970,
    "creationDate": {
        "date": "2021-02-06 18:33:43.000000",
        "timezone_type": 3,
        "timezone": "UTC"
    },
    "views": 48,
    "custom1": null,
    "custom2": null,
    "custom3": null,
    "custom4": null,
    "custom5": null,
    "cssClasses": null,
    "systemMeta": "{\"catCol1\":[\"custom1\"],\"catCol2\":[\"custom2\",\"toc\"],\"catCol3\":[\"custom3\",\"articleBlocks\",\"featuresArticles\"],\"catCol4\":[\"custom4\",\"maps\",\"timelines\"],\"catCol5\":[\"custom5\"]}",
    "pagecover": null,
    "bookcover": null,
    "defaultarticlecover": null,
    "parent": null,
    "world": {
        "id": "238a9dbc-1c3f-4f72-838f-336a90f6c31c",
        "title": "Arteria",
        "slug": "arteria-adorath",
        "state": "public",
        "isWip": null,
        "isDraft": null,
        "entityClass": "World",
        "icon": "fa-solid fa-globe-stand",
        "url": "http://www.worldanvil.com/w/arteria-adorath",
        "subscribergroups": [],
        "folderId": "-1",
        "tags": "",
        "updateDate": {
            "date": "2024-03-29 03:20:43.000000",
            "timezone_type": 3,
            "timezone": "UTC"
        }
    },
    "articleRedirect": null,
    "children": [
        {
            "id": "b90006c6-324a-48c3-a955-19259e1107df",
            "title": "Ameth",
            "slug": "ameth-category",
            "state": "public",
            "isWip": null,
            "isDraft": null,
            "entityClass": "Category",
            "icon": "fa-solid fa-folder",
            "url": "http://www.worldanvil.com/w/arteria-adorath/c/ameth-category",
            "subscribergroups": [],
            "folderId": null,
            "tags": null,
            "updateDate": null
        },
        {
            "id": "7e5c44f7-b3a2-4326-996d-e1109c5e0c0b",
            "title": "Bizkarrezurra Range",
            "slug": "bizkarrezurra-range-category",
            "state": "public",
            "isWip": null,
            "isDraft": null,
            "entityClass": "Category",
            "icon": "fa-solid fa-folder",
            "url": "http://www.worldanvil.com/w/arteria-adorath/c/bizkarrezurra-range-category",
            "subscribergroups": [],
            "folderId": null,
            "tags": null,
            "updateDate": null
        },
        {
            "id": "5d2cfc0b-ae51-420d-838b-dcd68f092452",
            "title": "Druids",
            "slug": "druids-category",
            "state": "public",
            "isWip": null,
            "isDraft": null,
            "entityClass": "Category",
            "icon": "fa-solid fa-folder",
            "url": "http://www.worldanvil.com/w/arteria-adorath/c/druids-category",
            "subscribergroups": [],
            "folderId": null,
            "tags": null,
            "updateDate": null
        },
        {
            "id": "c0d2144f-c9f5-4673-861d-83014a8b27b0",
            "title": "Hithlum",
            "slug": "hithlum-category",
            "state": "public",
            "isWip": null,
            "isDraft": null,
            "entityClass": "Category",
            "icon": "fa-solid fa-folder",
            "url": "http://www.worldanvil.com/w/arteria-adorath/c/hithlum-category",
            "subscribergroups": [],
            "folderId": null,
            "tags": null,
            "updateDate": null
        },
        {
            "id": "3ec0822b-07a8-4437-bf5f-ae11258387f1",
            "title": "Nevrast",
            "slug": "nevrast-category",
            "state": "public",
            "isWip": null,
            "isDraft": null,
            "entityClass": "Category",
            "icon": "fa-solid fa-folder",
            "url": "http://www.worldanvil.com/w/arteria-adorath/c/nevrast-category",
            "subscribergroups": [],
            "folderId": null,
            "tags": null,
            "updateDate": null
        },
        {
            "id": "2a71166d-72ce-4c53-8d46-416c8f0856fc",
            "title": "Races",
            "slug": "races-category",
            "state": "public",
            "isWip": null,
            "isDraft": null,
            "entityClass": "Category",
            "icon": "fa-solid fa-folder",
            "url": "http://www.worldanvil.com/w/arteria-adorath/c/races-category",
            "subscribergroups": [],
            "folderId": null,
            "tags": null,
            "updateDate": null
        },
        {
            "id": "50bdc188-1ec3-414e-aeed-7a7989f934bc",
            "title": "Wethrin",
            "slug": "wethrin-category",
            "state": "public",
            "isWip": null,
            "isDraft": null,
            "entityClass": "Category",
            "icon": "fa-solid fa-folder",
            "url": "http://www.worldanvil.com/w/arteria-adorath/c/wethrin-category",
            "subscribergroups": [],
            "folderId": null,
            "tags": null,
            "updateDate": null
        }
    ],
    "editURL": "http://www.worldanvil.com/world/category/6f3e6208-0235-48ea-8594-d56163d027db/edit"
}