{
    "id": "bf99d558-74d1-4e89-88b8-7322550711bd",
    "title": "Human",
    "slug": "human-species",
    "state": "public",
    "isWip": true,
    "isDraft": true,
    "entityClass": "Species",
    "icon": "fa-solid fa-file",
    "url": "http://www.worldanvil.com/w/arteria-adorath/a/human-species",
    "subscribergroups": [],
    "folderId": "-1",
    "tags": null,
    "updateDate": {
        "date": "2019-09-08 04:21:34.000000",
        "timezone_type": 3,
        "timezone": "UTC"
    },
    "position": 1000,
    "excerpt": null,
    "template": "species",
    "wordcount": 4,
    "creationDate": {
        "date": "2019-09-08 04:21:34.000000",
        "timezone_type": 3,
        "timezone": "UTC"
    },
    "publicationDate": null,
    "notificationDate": null,
    "likes": null,
    "views": null,
    "metadata_user": null,
    "metadata_article": null,
    "css_classes": null,
    "cssStyles": null,
    "passcode": null,
    "author": {
        "id": "8059089b-cf59-45b1-b328-a9efcd36f47b",
        "title": "adorath",
        "slug": null,
        "state": null,
        "isWip": null,
        "isDraft": null,
        "entityClass": "User",
        "icon": "fa-solid fa-user",
        "url": "http://www.worldanvil.com/author/adorath",
        "subscribergroups": [],
        "folderId": null,
        "tags": null,
        "updateDate": null
    },
    "category": {
        "id": "2a71166d-72ce-4c53-8d46-416c8f0856fc",
        "title": "Races",
        "slug": "races-category",
        "url": "http://www.worldanvil.com/w/arteria-adorath/c/races-category"
    },
    "world": {
        "id": "238a9dbc-1c3f-4f72-838f-336a90f6c31c",
        "title": "Arteria",
        "slug": "arteria-adorath",
        "state": "public",
        "isWip": null,
        "isDraft": null,
        "entityClass": "World",
        "icon": "fa-solid fa-globe-stand",
        "url": "http://www.worldanvil.com/w/arteria-adorath",
        "subscribergroups": [],
        "folderId": "-1",
        "tags": "",
        "updateDate": {
            "date": "2024-03-29 03:20:43.000000",
            "timezone_type": 3,
            "timezone": "UTC"
        }
    },
    "cover": {
        "id": 1952401,
        "title": "Arteria world cover",
        "slug": null,
        "state": "public",
        "isWip": null,
        "isDraft": null,
        "entityClass": "Image",
        "icon": "fa-solid fa-image",
        "url": "https://www.worldanvil.com/uploads/images/6c977e75d750e89b02a0040abf994163.jpg",
        "subscribergroups": [],
        "folderId": null,
        "tags": "",
        "updateDate": {
            "date": "2021-02-07 07:25:04.000000",
            "timezone_type": 3,
            "timezone": "UTC"
        }
    },
    "content": null,
    "contentParsed": "",
    "sections": {
        "displaySidebar": {
            "title": "",
            "position": "",
            "content": true,
            "contentParsed": "1"
        },
        "folderId": {
            "title": "",
            "position": "",
            "content": "-1",
            "contentParsed": "-1"
        }
    },
    "relations": {
        "childrenArticles": {
            "title": "",
            "position": "sidebar",
            "type": "collection"
        },
        "memories": {
            "title": "",
            "position": "sidebar",
            "type": "collection"
        },
        "manuscripts": {
            "title": "",
            "position": "sidebar",
            "type": "collection"
        },
        "people": {
            "title": "",
            "position": "sidebar",
            "type": "collection",
            "items": [
                {
                    "id": "5a57100e-9113-44b2-8400-b1f9f99969fc",
                    "title": "Charles Vane",
                    "slug": "charles-vane-article",
                    "url": "http://www.worldanvil.com/w/arteria-adorath/a/charles-vane-article",
                    "relationshipType": "article",
                    "type": "person"
                },
                {
                    "id": "cbc542a1-282a-4242-8fe8-d87aea5d324e",
                    "title": "Diana Cromdor",
                    "slug": "diana-cromdor-person",
                    "url": "http://www.worldanvil.com/w/arteria-adorath/a/diana-cromdor-person",
                    "relationshipType": "article",
                    "type": "person"
                },
                {
                    "id": "dc93c605-ab80-49a6-8acd-c8709ebc6589",
                    "title": "Brother Angelo",
                    "slug": "brother-angelo-article",
                    "url": "http://www.worldanvil.com/w/arteria-adorath/a/brother-angelo-article",
                    "relationshipType": "article",
                    "type": "person"
                },
                {
                    "id": "e91058c0-88b5-44a2-bf3f-7dee1ec3a8c8",
                    "title": "Leeland Peterson",
                    "slug": "leeland-peterson-person",
                    "url": "http://www.worldanvil.com/w/arteria-adorath/a/leeland-peterson-person",
                    "relationshipType": "article",
                    "type": "person"
                }
            ]
        },
        "relatedHistories": {
            "title": "",
            "position": "sidebar",
            "type": "collection"
        },
        "parents": {
            "title": "",
            "position": "sidebar",
            "type": "collection"
        },
        "children": {
            "title": "",
            "position": "sidebar",
            "type": "collection"
        },
        "myths": {
            "title": "",
            "position": "sidebar",
            "type": "collection"
        },
        "materials": {
            "title": "",
            "position": "sidebar",
            "type": "collection"
        },
        "ethnicities": {
            "title": "",
            "position": "sidebar",
            "type": "collection"
        },
        "locations": {
            "title": "",
            "position": "sidebar",
            "type": "collection"
        },
        "conditions": {
            "title": "",
            "position": "sidebar",
            "type": "collection"
        },
        "relatedTechnologies": {
            "title": "",
            "position": "sidebar",
            "type": "collection"
        },
        "relatedOrganizations": {
            "title": "",
            "position": "sidebar",
            "type": "collection"
        }
    }
}