{
    "id": "20b17e5b-fa32-46ee-9168-5aef35376021",
    "title": "Arteria, Continent",
    "slug": "arteria-category",
    "state": "public",
    "isWip": null,
    "isDraft": null,
    "entityClass": "Category",
    "icon": "fa-solid fa-folder",
    "url": "http://www.worldanvil.com/w/arteria-adorath/c/arteria-category",
    "subscribergroups": [],
    "folderId": null,
    "tags": null,
    "updateDate": null,
    "description": null,
    "excerpt": null,
    "isBook": false,
    "displayBookTitle": true,
    "isCollapsed": false,
    "position": 990,
    "creationDate": {
        "date": "2019-09-03 04:29:57.000000",
        "timezone_type": 3,
        "timezone": "UTC"
    },
    "views": 110,
    "parent": null,
    "articleRedirect": null,
    "children": [
        {
            "id": "8ed425a9-55e9-4954-9735-60d2349add2c",
            "title": "Farofaen",
            "slug": "farofaen-category",
            "state": "public",
            "isWip": null,
            "isDraft": null,
            "entityClass": "Category",
            "icon": "fa-solid fa-folder",
            "url": "http://www.worldanvil.com/w/arteria-adorath/c/farofaen-category",
            "subscribergroups": [],
            "folderId": null,
            "tags": null,
            "updateDate": null
        },
        {
            "id": "a46c1723-0a1f-408f-a799-f328c6904023",
            "title": "Arcanite Mountains",
            "slug": "arcanite-mountains-category",
            "state": "public",
            "isWip": null,
            "isDraft": null,
            "entityClass": "Category",
            "icon": "fa-solid fa-folder",
            "url": "http://www.worldanvil.com/w/arteria-adorath/c/arcanite-mountains-category",
            "subscribergroups": [],
            "folderId": null,
            "tags": null,
            "updateDate": null
        },
        {
            "id": "ef56cb4e-67e7-4ae6-a68b-b35050efff81",
            "title": "Orcish Lands",
            "slug": "orcish-lands-category",
            "state": "public",
            "isWip": null,
            "isDraft": null,
            "entityClass": "Category",
            "icon": "fa-solid fa-folder",
            "url": "http://www.worldanvil.com/w/arteria-adorath/c/orcish-lands-category",
            "subscribergroups": [],
            "folderId": null,
            "tags": null,
            "updateDate": null
        },
        {
            "id": "e001ba7d-8915-4b5c-a444-ce2495102f98",
            "title": "The Great Rift",
            "slug": "the-great-rift-category",
            "state": "public",
            "isWip": null,
            "isDraft": null,
            "entityClass": "Category",
            "icon": "fa-solid fa-folder",
            "url": "http://www.worldanvil.com/w/arteria-adorath/c/the-great-rift-category",
            "subscribergroups": [],
            "folderId": null,
            "tags": null,
            "updateDate": null
        }
    ],
    "articles": [
        {
            "id": "3540ceca-e166-461b-8170-3a159bd63723",
            "title": "A prophesy",
            "slug": "a-prophesy-document",
            "state": "private",
            "isWip": true,
            "isDraft": false,
            "entityClass": "Document",
            "icon": "fa-solid fa-file",
            "url": "http://www.worldanvil.com/w/arteria-adorath/a/a-prophesy-document",
            "subscribergroups": [],
            "folderId": "20b17e5b-fa32-46ee-9168-5aef35376021",
            "tags": null,
            "updateDate": {
                "date": "2021-02-02 17:10:54.000000",
                "timezone_type": 3,
                "timezone": "UTC"
            }
        },
        {
            "id": "b8f00f2c-24e6-4b06-8541-05d49d5a358d",
            "title": "Arterian Calendar",
            "slug": "arterian-calendar-law",
            "state": "public",
            "isWip": true,
            "isDraft": false,
            "entityClass": "Law",
            "icon": "fa-solid fa-file",
            "url": "http://www.worldanvil.com/w/arteria-adorath/a/arterian-calendar-law",
            "subscribergroups": [],
            "folderId": "20b17e5b-fa32-46ee-9168-5aef35376021",
            "tags": null,
            "updateDate": {
                "date": "2021-02-07 18:05:04.000000",
                "timezone_type": 3,
                "timezone": "UTC"
            }
        },
        {
            "id": "b8f9e922-be56-4e46-b720-dab25d89c565",
            "title": "Candle Nights",
            "slug": "candle-nights-ritual",
            "state": "public",
            "isWip": true,
            "isDraft": false,
            "entityClass": "Ritual",
            "icon": "fa-solid fa-file",
            "url": "http://www.worldanvil.com/w/arteria-adorath/a/candle-nights-ritual",
            "subscribergroups": [],
            "folderId": "20b17e5b-fa32-46ee-9168-5aef35376021",
            "tags": null,
            "updateDate": {
                "date": "2021-02-07 18:09:49.000000",
                "timezone_type": 3,
                "timezone": "UTC"
            }
        },
        {
            "id": "deffe6f9-9d2d-418a-9057-d57de978429e",
            "title": "Constellations",
            "slug": "constellations-law",
            "state": "public",
            "isWip": true,
            "isDraft": false,
            "entityClass": "Law",
            "icon": "fa-solid fa-file",
            "url": "http://www.worldanvil.com/w/arteria-adorath/a/constellations-law",
            "subscribergroups": [],
            "folderId": "20b17e5b-fa32-46ee-9168-5aef35376021",
            "tags": null,
            "updateDate": {
                "date": "2021-02-07 16:05:23.000000",
                "timezone_type": 3,
                "timezone": "UTC"
            }
        },
        {
            "id": "9164d33e-cf68-4a25-8aab-cc33a8328d7b",
            "title": "Djinni Ecology",
            "slug": "djinni-ecology-species",
            "state": "private",
            "isWip": true,
            "isDraft": true,
            "entityClass": "Species",
            "icon": "fa-solid fa-file",
            "url": "http://www.worldanvil.com/w/arteria-adorath/a/djinni-ecology-species",
            "subscribergroups": [],
            "folderId": "20b17e5b-fa32-46ee-9168-5aef35376021",
            "tags": null,
            "updateDate": {
                "date": "2020-11-09 00:32:29.000000",
                "timezone_type": 3,
                "timezone": "UTC"
            }
        },
        {
            "id": "75a07dcc-c88e-4c9d-8c6e-c61cf368b392",
            "title": "Cloud's Rest",
            "slug": "cloud-s-rest-location",
            "state": "public",
            "isWip": true,
            "isDraft": false,
            "entityClass": "Location",
            "icon": "fa-solid fa-mountain",
            "url": "http://www.worldanvil.com/w/arteria-adorath/a/cloud-s-rest-location",
            "subscribergroups": [],
            "folderId": "20b17e5b-fa32-46ee-9168-5aef35376021",
            "tags": null,
            "updateDate": {
                "date": "2021-02-07 18:57:38.000000",
                "timezone_type": 3,
                "timezone": "UTC"
            }
        }
    ],
    "custom1": null,
    "custom2": null,
    "custom3": null,
    "custom4": null,
    "custom5": null,
    "cssClasses": null,
    "systemMeta": "{\"catCol1\":[\"custom1\"],\"catCol2\":[\"custom2\",\"toc\"],\"catCol3\":[\"custom3\",\"articleBlocks\",\"featuresArticles\"],\"catCol4\":[\"custom4\",\"maps\",\"timelines\"],\"catCol5\":[\"custom5\"]}"
}