{
    "id": "cbc542a1-282a-4242-8fe8-d87aea5d324e",
    "title": "Diana Cromdor",
    "slug": "diana-cromdor-person",
    "state": "public",
    "isWip": true,
    "isDraft": false,
    "entityClass": "Person",
    "icon": "fa-solid fa-user-crown",
    "url": "http://www.worldanvil.com/w/arteria-adorath/a/diana-cromdor-person",
    "subscribergroups": [],
    "folderId": "-1",
    "tags": null,
    "updateDate": {
        "date": "2021-02-07 18:22:19.000000",
        "timezone_type": 3,
        "timezone": "UTC"
    },
    "position": 980,
    "excerpt": null,
    "template": "person",
    "wordcount": 52,
    "creationDate": {
        "date": "2020-11-29 03:07:21.000000",
        "timezone_type": 3,
        "timezone": "UTC"
    },
    "publicationDate": {
        "date": "2020-11-29 03:13:03.000000",
        "timezone_type": 3,
        "timezone": "UTC"
    },
    "notificationDate": null,
    "likes": null,
    "views": 47,
    "metadata_user": null,
    "metadata_article": null,
    "css_classes": null,
    "cssStyles": null,
    "passcode": null,
    "author": {
        "id": "8059089b-cf59-45b1-b328-a9efcd36f47b",
        "title": "adorath",
        "slug": null,
        "state": null,
        "isWip": null,
        "isDraft": null,
        "entityClass": "User",
        "icon": "fa-solid fa-user",
        "url": "http://www.worldanvil.com/author/adorath",
        "subscribergroups": [],
        "folderId": null,
        "tags": null,
        "updateDate": null
    },
    "category": {
        "id": "0ed2404e-43e2-4751-a09d-bf5a8b629008",
        "title": "Phandalin",
        "slug": "phandalin-category",
        "url": "http://www.worldanvil.com/w/arteria-adorath/c/phandalin-category"
    },
    "world": {
        "id": "238a9dbc-1c3f-4f72-838f-336a90f6c31c",
        "title": "Arteria",
        "slug": "arteria-adorath",
        "state": "public",
        "isWip": null,
        "isDraft": null,
        "entityClass": "World",
        "icon": "fa-solid fa-globe-stand",
        "url": "http://www.worldanvil.com/w/arteria-adorath",
        "subscribergroups": [],
        "folderId": "-1",
        "tags": "",
        "updateDate": {
            "date": "2024-03-29 03:20:43.000000",
            "timezone_type": 3,
            "timezone": "UTC"
        }
    },
    "cover": {
        "id": 1952401,
        "title": "Arteria world cover",
        "slug": null,
        "state": "public",
        "isWip": null,
        "isDraft": null,
        "entityClass": "Image",
        "icon": "fa-solid fa-image",
        "url": "https://www.worldanvil.com/uploads/images/6c977e75d750e89b02a0040abf994163.jpg",
        "subscribergroups": [],
        "folderId": null,
        "tags": "",
        "updateDate": {
            "date": "2021-02-07 07:25:04.000000",
            "timezone_type": 3,
            "timezone": "UTC"
        }
    },
    "portrait": {
        "id": 1954303,
        "title": "lumber2.jpg",
        "slug": null,
        "state": "public",
        "isWip": null,
        "isDraft": null,
        "entityClass": "Image",
        "icon": "fa-solid fa-image",
        "url": "https://www.worldanvil.com/uploads/images/d390f5b038a83eab16502fe50afe0492.jpg",
        "subscribergroups": [],
        "folderId": null,
        "tags": null,
        "updateDate": {
            "date": "2021-02-07 18:20:07.000000",
            "timezone_type": 3,
            "timezone": "UTC"
        }
    },
    "content": "Stereotypical Sterling Student, Naturalist, noticeably lacking worldly/combat experience, sent by Lord Darius on a special mission to investigate the blight around Phandalin.\r\n[br]\r\nSenior to Wolfe, more or less the leader of their little troupe.",
    "contentParsed": "Stereotypical Sterling Student, Naturalist, noticeably lacking worldly/combat experience, sent by Lord Darius on a special mission to investigate the blight around Phandalin.\n<br>\nSenior to Wolfe, more or less the leader of their little troupe.",
    "sections": {
        "displaySidebar": {
            "title": "",
            "position": "",
            "content": true,
            "contentParsed": "1"
        },
        "folderId": {
            "title": "",
            "position": "",
            "content": "-1",
            "contentParsed": "-1"
        },
        "dobDisplay": {
            "title": "",
            "position": "",
            "content": "1st of Middle Summer",
            "contentParsed": "1st of Middle Summer"
        },
        "dob": {
            "title": "",
            "position": "",
            "content": "2980",
            "contentParsed": "2980"
        },
        "eyes": {
            "title": "",
            "position": "",
            "content": "Dark blue, wide",
            "contentParsed": "Dark blue, wide"
        },
        "hair": {
            "title": "",
            "position": "",
            "content": "Long, messy, brown",
            "contentParsed": "Long, messy, brown"
        },
        "skin": {
            "title": "",
            "position": "",
            "content": "Tanned, freckled",
            "contentParsed": "Tanned, freckled"
        },
        "height": {
            "title": "",
            "position": "",
            "content": "5'7\"",
            "contentParsed": "5&#039;7&quot;"
        },
        "weight": {
            "title": "",
            "position": "",
            "content": "140",
            "contentParsed": "140"
        },
        "gender": {
            "title": "",
            "position": "",
            "content": "Female",
            "contentParsed": "Female"
        }
    },
    "relations": {
        "childrenArticles": {
            "title": "",
            "position": "sidebar",
            "type": "collection"
        },
        "memories": {
            "title": "",
            "position": "sidebar",
            "type": "collection"
        },
        "manuscripts": {
            "title": "",
            "position": "sidebar",
            "type": "collection"
        },
        "locations": {
            "title": "",
            "position": "sidebar",
            "type": "collection"
        },
        "families": {
            "title": "",
            "position": "sidebar",
            "type": "collection"
        },
        "organizations": {
            "title": "",
            "position": "sidebar",
            "type": "collection"
        },
        "vehicles": {
            "title": "",
            "position": "sidebar",
            "type": "collection"
        },
        "firstHeldRanks": {
            "title": "",
            "position": "sidebar",
            "type": "collection"
        },
        "heldItems": {
            "title": "",
            "position": "sidebar",
            "type": "collection"
        },
        "createditems": {
            "title": "",
            "position": "sidebar",
            "type": "collection"
        },
        "species": {
            "title": "",
            "position": "sidebar",
            "type": "singular",
            "items": {
                "id": "bf99d558-74d1-4e89-88b8-7322550711bd",
                "title": "Human",
                "type": "species",
                "relationshipType": "article",
                "state": "public"
            }
        },
        "currentLocation": {
            "title": "",
            "position": "sidebar",
            "type": "singular",
            "items": {
                "id": "2c1a2a8c-5574-420e-9144-93794598e0a9",
                "title": "Phandalin",
                "type": "location",
                "relationshipType": "article",
                "state": "public"
            }
        },
        "foundedLocations": {
            "title": "",
            "position": "sidebar",
            "type": "collection"
        },
        "ruledLocations": {
            "title": "",
            "position": "sidebar",
            "type": "collection"
        },
        "religions": {
            "title": "",
            "position": "sidebar",
            "type": "collection"
        },
        "professions": {
            "title": "",
            "position": "sidebar",
            "type": "collection"
        },
        "myths": {
            "title": "",
            "position": "sidebar",
            "type": "collection"
        },
        "belligerents": {
            "title": "",
            "position": "sidebar",
            "type": "collection"
        },
        "currentRanks": {
            "title": "",
            "position": "sidebar",
            "type": "collection"
        },
        "pastRanks": {
            "title": "",
            "position": "sidebar",
            "type": "collection"
        },
        "plots": {
            "title": "",
            "position": "sidebar",
            "type": "collection"
        },
        "documentsauthored": {
            "title": "",
            "position": "sidebar",
            "type": "collection"
        },
        "documentssigned": {
            "title": "",
            "position": "sidebar",
            "type": "collection"
        },
        "historicalEntries": {
            "title": "",
            "position": "sidebar",
            "type": "collection"
        },
        "conditions": {
            "title": "",
            "position": "sidebar",
            "type": "collection"
        },
        "otherethnicities": {
            "title": "",
            "position": "sidebar",
            "type": "collection"
        },
        "proses": {
            "title": "",
            "position": "sidebar",
            "type": "collection"
        },
        "relatedorganizations": {
            "title": "",
            "position": "sidebar",
            "type": "collection"
        },
        "relatedReports": {
            "title": "",
            "position": "sidebar",
            "type": "collection"
        },
        "foundedOrganizations": {
            "title": "",
            "position": "sidebar",
            "type": "collection"
        }
    }
}