{
    "id": "2c1a2a8c-5574-420e-9144-93794598e0a9",
    "title": "Phandalin",
    "slug": "phandalin-article",
    "state": "public",
    "isWip": true,
    "isDraft": false,
    "entityClass": "Settlement",
    "icon": "fa-solid fa-file",
    "url": "http://www.worldanvil.com/w/arteria-adorath/a/phandalin-article",
    "subscribergroups": [],
    "folderId": "-1",
    "tags": "",
    "updateDate": {
        "date": "2021-02-07 07:50:53.000000",
        "timezone_type": 3,
        "timezone": "UTC"
    },
    "position": 950,
    "excerpt": null,
    "template": "settlement",
    "wordcount": 153,
    "creationDate": {
        "date": "2019-09-22 19:52:59.000000",
        "timezone_type": 3,
        "timezone": "UTC"
    },
    "publicationDate": {
        "date": "2019-09-23 04:23:15.000000",
        "timezone_type": 3,
        "timezone": "UTC"
    },
    "notificationDate": null,
    "likes": null,
    "views": 70,
    "metadata_user": null,
    "metadata_article": null,
    "css_classes": null,
    "cssStyles": null,
    "passcode": null,
    "author": {
        "id": "8059089b-cf59-45b1-b328-a9efcd36f47b",
        "title": "adorath",
        "slug": null,
        "state": null,
        "isWip": null,
        "isDraft": null,
        "entityClass": "User",
        "icon": "fa-solid fa-user",
        "url": "http://www.worldanvil.com/author/adorath",
        "subscribergroups": [],
        "folderId": null,
        "tags": null,
        "updateDate": null
    },
    "category": {
        "id": "0ed2404e-43e2-4751-a09d-bf5a8b629008",
        "title": "Phandalin",
        "slug": "phandalin-category",
        "url": "http://www.worldanvil.com/w/arteria-adorath/c/phandalin-category"
    },
    "world": {
        "id": "238a9dbc-1c3f-4f72-838f-336a90f6c31c",
        "title": "Arteria",
        "slug": "arteria-adorath",
        "state": "public",
        "isWip": null,
        "isDraft": null,
        "entityClass": "World",
        "icon": "fa-solid fa-globe-stand",
        "url": "http://www.worldanvil.com/w/arteria-adorath",
        "subscribergroups": [],
        "folderId": "-1",
        "tags": "",
        "updateDate": {
            "date": "2024-03-29 03:20:43.000000",
            "timezone_type": 3,
            "timezone": "UTC"
        }
    },
    "cover": {
        "id": 1952401,
        "title": "Arteria world cover",
        "slug": null,
        "state": "public",
        "isWip": null,
        "isDraft": null,
        "entityClass": "Image",
        "icon": "fa-solid fa-image",
        "url": "https://www.worldanvil.com/uploads/images/6c977e75d750e89b02a0040abf994163.jpg",
        "subscribergroups": [],
        "folderId": null,
        "tags": "",
        "updateDate": {
            "date": "2021-02-07 07:25:04.000000",
            "timezone_type": 3,
            "timezone": "UTC"
        }
    },
    "content": "Eastern forestry settlement, surrounded by blight that is creeping closer and closer...\r\n[br]\r\n[br]The rutted track emerges from a wooded hillside, \r\nand through the thick vines and twisted branches you\r\ncatch your first glimpse of Phandalin. The town consists of\r\nforty or fifty simple log buildings, some built on old fieldstone\r\nfoundations. More old ruins-crumbling stone walls covered\r\nin ivy and briars-surround the newer houses and shops, \r\nshowing how this must have been a much larger town in\r\ncenturies past. Most of the newer buildings are set on the\r\nsides of the cart track, which widens into a muddy main, \r\nbut as you draw near even the newer buildings are showing signs of collapse,\r\nwith blighted vegetation beginning to crack windows, break doors off their hinges, poking holes in the the tiled roofs...\r\nThe main road climbs toward a ruined manor house on a\r\nhillside at the east side of town.",
    "contentParsed": "Eastern forestry settlement, surrounded by blight that is creeping closer and closer...\n<br>\n<br>The rutted track emerges from a wooded hillside, \nand through the thick vines and twisted branches you\ncatch your first glimpse of Phandalin. The town consists of\nforty or fifty simple log buildings, some built on old fieldstone\nfoundations. More old ruins-crumbling stone walls covered\nin ivy and briars-surround the newer houses and shops, \nshowing how this must have been a much larger town in\ncenturies past. Most of the newer buildings are set on the\nsides of the cart track, which widens into a muddy main, \nbut as you draw near even the newer buildings are showing signs of collapse,\nwith blighted vegetation beginning to crack windows, break doors off their hinges, poking holes in the the tiled roofs...\nThe main road climbs toward a ruined manor house on a\nhillside at the east side of town.",
    "sections": {
        "displaySidebar": {
            "title": "",
            "position": "",
            "content": true,
            "contentParsed": "1"
        },
        "folderId": {
            "title": "",
            "position": "",
            "content": "-1",
            "contentParsed": "-1"
        }
    },
    "relations": {
        "childrenArticles": {
            "title": "",
            "position": "sidebar",
            "type": "collection",
            "items": [
                {
                    "id": "bf811a71-dc00-4bd6-9c3a-df712ed458d3",
                    "title": "Hymmbow Alf",
                    "slug": "hymmbow-alf-person",
                    "url": "http://www.worldanvil.com/w/arteria-adorath/a/hymmbow-alf-person",
                    "relationshipType": "article",
                    "type": "person"
                }
            ]
        },
        "memories": {
            "title": "",
            "position": "sidebar",
            "type": "collection"
        },
        "manuscripts": {
            "title": "",
            "position": "sidebar",
            "type": "collection"
        },
        "relatedHistories": {
            "title": "",
            "position": "sidebar",
            "type": "collection"
        },
        "rituals": {
            "title": "",
            "position": "sidebar",
            "type": "collection"
        },
        "people": {
            "title": "",
            "position": "sidebar",
            "type": "collection",
            "items": [
                {
                    "id": "cbc542a1-282a-4242-8fe8-d87aea5d324e",
                    "title": "Diana Cromdor",
                    "slug": "diana-cromdor-person",
                    "url": "http://www.worldanvil.com/w/arteria-adorath/a/diana-cromdor-person",
                    "relationshipType": "article",
                    "type": "person"
                }
            ]
        },
        "items": {
            "title": "",
            "position": "sidebar",
            "type": "collection"
        },
        "documents": {
            "title": "",
            "position": "sidebar",
            "type": "collection"
        },
        "maps": {
            "title": "",
            "position": "sidebar",
            "type": "collection"
        },
        "children": {
            "title": "",
            "position": "sidebar",
            "type": "collection"
        },
        "claimedCapitals": {
            "title": "",
            "position": "sidebar",
            "type": "collection"
        },
        "includedOrganizations": {
            "title": "",
            "position": "sidebar",
            "type": "collection"
        },
        "divines": {
            "title": "",
            "position": "sidebar",
            "type": "collection"
        },
        "reportprimarylocations": {
            "title": "",
            "position": "sidebar",
            "type": "collection"
        },
        "reportsecondarylocations": {
            "title": "",
            "position": "sidebar",
            "type": "collection"
        },
        "conflicts": {
            "title": "",
            "position": "sidebar",
            "type": "collection"
        },
        "characters": {
            "title": "",
            "position": "sidebar",
            "type": "collection"
        },
        "vehiclesPresent": {
            "title": "",
            "position": "sidebar",
            "type": "collection"
        },
        "type": {
            "title": "",
            "position": "sidebar",
            "type": "singular",
            "items": {
                "id": "9581a37f-798a-4e04-9931-63dfba4c56e0",
                "title": "Hamlet",
                "type": "locationtype",
                "relationshipType": "",
                "state": "null"
            }
        },
        "founders": {
            "title": "",
            "position": "sidebar",
            "type": "collection"
        },
        "additionalRulers": {
            "title": "",
            "position": "sidebar",
            "type": "collection"
        },
        "contenders": {
            "title": "",
            "position": "sidebar",
            "type": "collection"
        },
        "connectedRooms": {
            "title": "",
            "position": "sidebar",
            "type": "collection"
        },
        "rooms": {
            "title": "",
            "position": "sidebar",
            "type": "collection"
        },
        "materials": {
            "title": "",
            "position": "sidebar",
            "type": "collection"
        },
        "ranks": {
            "title": "",
            "position": "sidebar",
            "type": "collection"
        },
        "myths": {
            "title": "",
            "position": "sidebar",
            "type": "collection"
        },
        "plots": {
            "title": "",
            "position": "sidebar",
            "type": "collection"
        },
        "professions": {
            "title": "",
            "position": "sidebar",
            "type": "collection"
        },
        "ethnicities": {
            "title": "",
            "position": "sidebar",
            "type": "collection"
        },
        "species": {
            "title": "",
            "position": "sidebar",
            "type": "collection"
        },
        "importantTraditions": {
            "title": "",
            "position": "sidebar",
            "type": "collection"
        }
    }
}