{
    "id": "8eff5d0d-6734-4b84-b5f7-8f4ed8285ed7",
    "title": "Minkmutt",
    "slug": "minkmutt-person",
    "state": "public",
    "isWip": true,
    "isDraft": false,
    "entityClass": "Person",
    "icon": "fa-solid fa-user-crown",
    "url": "http://www.worldanvil.com/w/arteria-adorath/a/minkmutt-person",
    "subscribergroups": [],
    "folderId": "-1",
    "tags": "",
    "updateDate": {
        "date": "2024-01-31 21:35:31.000000",
        "timezone_type": 3,
        "timezone": "UTC"
    },
    "position": null,
    "excerpt": null,
    "template": "person",
    "wordcount": 67,
    "creationDate": {
        "date": "2021-10-29 15:58:27.000000",
        "timezone_type": 3,
        "timezone": "UTC"
    },
    "publicationDate": {
        "date": "2021-10-29 15:58:27.000000",
        "timezone_type": 3,
        "timezone": "UTC"
    },
    "notificationDate": null,
    "likes": null,
    "views": 35,
    "metadata_user": null,
    "metadata_article": null,
    "css_classes": null,
    "cssStyles": null,
    "passcode": null,
    "author": {
        "id": "8059089b-cf59-45b1-b328-a9efcd36f47b",
        "title": "adorath",
        "slug": null,
        "state": null,
        "isWip": null,
        "isDraft": null,
        "entityClass": "User",
        "icon": "fa-solid fa-user",
        "url": "http://www.worldanvil.com/author/adorath",
        "subscribergroups": [],
        "folderId": null,
        "tags": null,
        "updateDate": null
    },
    "category": {
        "id": "a46c1723-0a1f-408f-a799-f328c6904023",
        "title": "Arcanite Mountains",
        "slug": "arcanite-mountains-category",
        "url": "http://www.worldanvil.com/w/arteria-adorath/c/arcanite-mountains-category"
    },
    "world": {
        "id": "238a9dbc-1c3f-4f72-838f-336a90f6c31c",
        "title": "Arteria",
        "slug": "arteria-adorath",
        "state": "public",
        "isWip": null,
        "isDraft": null,
        "entityClass": "World",
        "icon": "fa-solid fa-globe-stand",
        "url": "http://www.worldanvil.com/w/arteria-adorath",
        "subscribergroups": [],
        "folderId": "-1",
        "tags": "",
        "updateDate": {
            "date": "2024-03-29 03:20:43.000000",
            "timezone_type": 3,
            "timezone": "UTC"
        }
    },
    "cover": {
        "id": 1952401,
        "title": "Arteria world cover",
        "slug": null,
        "state": "public",
        "isWip": null,
        "isDraft": null,
        "entityClass": "Image",
        "icon": "fa-solid fa-image",
        "url": "https://www.worldanvil.com/uploads/images/6c977e75d750e89b02a0040abf994163.jpg",
        "subscribergroups": [],
        "folderId": null,
        "tags": "",
        "updateDate": {
            "date": "2021-02-07 07:25:04.000000",
            "timezone_type": 3,
            "timezone": "UTC"
        }
    },
    "content": "Monster and Bounty Hunter, former mentor of Ren, currently working in the Arcanite Mountains for Lady Goldenmane. Attempted to help the party and kill Gor'korok, but was captured in the process.\r\n[br]\r\n[br]Last seen in Threshia, at a local tavern, repaid AAA for giving back her magical items after killing Gor'Korok. Triple A also found Gor'Korok's head displayed in The Charmed Tiger (also in Threshia)",
    "contentParsed": "Monster and Bounty Hunter, former mentor of Ren, currently working in the Arcanite Mountains for Lady Goldenmane. Attempted to help the party and kill Gor&#039;korok, but was captured in the process.\n<br>\n<br>Last seen in Threshia, at a local tavern, repaid AAA for giving back her magical items after killing Gor&#039;Korok. Triple A also found Gor&#039;Korok&#039;s head displayed in The Charmed Tiger (also in Threshia)",
    "sections": {
        "displaySidebar": {
            "title": "",
            "position": "",
            "content": true,
            "contentParsed": "1"
        },
        "folderId": {
            "title": "",
            "position": "",
            "content": "-1",
            "contentParsed": "-1"
        }
    },
    "relations": {
        "childrenArticles": {
            "title": "",
            "position": "sidebar",
            "type": "collection"
        },
        "memories": {
            "title": "",
            "position": "sidebar",
            "type": "collection"
        },
        "manuscripts": {
            "title": "",
            "position": "sidebar",
            "type": "collection"
        },
        "locations": {
            "title": "",
            "position": "sidebar",
            "type": "collection"
        },
        "families": {
            "title": "",
            "position": "sidebar",
            "type": "collection"
        },
        "organizations": {
            "title": "",
            "position": "sidebar",
            "type": "collection"
        },
        "vehicles": {
            "title": "",
            "position": "sidebar",
            "type": "collection"
        },
        "firstHeldRanks": {
            "title": "",
            "position": "sidebar",
            "type": "collection"
        },
        "heldItems": {
            "title": "",
            "position": "sidebar",
            "type": "collection"
        },
        "createditems": {
            "title": "",
            "position": "sidebar",
            "type": "collection"
        },
        "foundedLocations": {
            "title": "",
            "position": "sidebar",
            "type": "collection"
        },
        "ruledLocations": {
            "title": "",
            "position": "sidebar",
            "type": "collection"
        },
        "religions": {
            "title": "",
            "position": "sidebar",
            "type": "collection"
        },
        "professions": {
            "title": "",
            "position": "sidebar",
            "type": "collection"
        },
        "myths": {
            "title": "",
            "position": "sidebar",
            "type": "collection"
        },
        "belligerents": {
            "title": "",
            "position": "sidebar",
            "type": "collection"
        },
        "currentRanks": {
            "title": "",
            "position": "sidebar",
            "type": "collection"
        },
        "pastRanks": {
            "title": "",
            "position": "sidebar",
            "type": "collection"
        },
        "plots": {
            "title": "",
            "position": "sidebar",
            "type": "collection"
        },
        "documentsauthored": {
            "title": "",
            "position": "sidebar",
            "type": "collection"
        },
        "documentssigned": {
            "title": "",
            "position": "sidebar",
            "type": "collection"
        },
        "historicalEntries": {
            "title": "",
            "position": "sidebar",
            "type": "collection"
        },
        "conditions": {
            "title": "",
            "position": "sidebar",
            "type": "collection"
        },
        "otherethnicities": {
            "title": "",
            "position": "sidebar",
            "type": "collection"
        },
        "proses": {
            "title": "",
            "position": "sidebar",
            "type": "collection"
        },
        "relatedorganizations": {
            "title": "",
            "position": "sidebar",
            "type": "collection"
        },
        "relatedReports": {
            "title": "",
            "position": "sidebar",
            "type": "collection"
        },
        "foundedOrganizations": {
            "title": "",
            "position": "sidebar",
            "type": "collection"
        }
    }
}