{
    "id": "f1f6cce3-dba4-41ad-ba9f-108c46761802",
    "title": "Death of the Arcane Ascendants",
    "slug": "death-of-the-arcane-ascendants-myth",
    "state": "public",
    "isWip": true,
    "isDraft": true,
    "entityClass": "Myth",
    "icon": "fa-solid fa-file",
    "url": "http://www.worldanvil.com/w/arteria-adorath/a/death-of-the-arcane-ascendants-myth",
    "subscribergroups": [],
    "folderId": "-1",
    "tags": "",
    "updateDate": {
        "date": "2021-11-08 06:22:02.000000",
        "timezone_type": 3,
        "timezone": "UTC"
    },
    "position": null,
    "excerpt": null,
    "template": "myth",
    "wordcount": 78,
    "creationDate": {
        "date": "2021-11-08 06:06:39.000000",
        "timezone_type": 3,
        "timezone": "UTC"
    },
    "publicationDate": null,
    "notificationDate": null,
    "likes": null,
    "views": null,
    "metadata_user": null,
    "metadata_article": null,
    "css_classes": null,
    "cssStyles": null,
    "passcode": null,
    "author": {
        "id": "8059089b-cf59-45b1-b328-a9efcd36f47b",
        "title": "adorath",
        "slug": null,
        "state": null,
        "isWip": null,
        "isDraft": null,
        "entityClass": "User",
        "icon": "fa-solid fa-user",
        "url": "http://www.worldanvil.com/author/adorath",
        "subscribergroups": [],
        "folderId": null,
        "tags": null,
        "updateDate": null
    },
    "category": {
        "id": "d73b8057-14e9-4c03-96e4-70a93c388d5f",
        "title": "Mythology, Gods, Religion",
        "slug": "gods-category",
        "url": "http://www.worldanvil.com/w/arteria-adorath/c/gods-category"
    },
    "world": {
        "id": "238a9dbc-1c3f-4f72-838f-336a90f6c31c",
        "title": "Arteria",
        "slug": "arteria-adorath",
        "state": "public",
        "isWip": null,
        "isDraft": null,
        "entityClass": "World",
        "icon": "fa-solid fa-globe-stand",
        "url": "http://www.worldanvil.com/w/arteria-adorath",
        "subscribergroups": [],
        "folderId": "-1",
        "tags": "",
        "updateDate": {
            "date": "2024-03-29 03:20:43.000000",
            "timezone_type": 3,
            "timezone": "UTC"
        }
    },
    "cover": {
        "id": 1952401,
        "title": "Arteria world cover",
        "slug": null,
        "state": "public",
        "isWip": null,
        "isDraft": null,
        "entityClass": "Image",
        "icon": "fa-solid fa-image",
        "url": "https://www.worldanvil.com/uploads/images/6c977e75d750e89b02a0040abf994163.jpg",
        "subscribergroups": [],
        "folderId": null,
        "tags": "",
        "updateDate": {
            "date": "2021-02-07 07:25:04.000000",
            "timezone_type": 3,
            "timezone": "UTC"
        }
    },
    "content": "Venomcry, Dwarves, Shipwrecks, Battles w/ Elves, spell scrolls, sheet music?\r\nLiches (in tomb? moonwell? battlefield?... maybe COTR trying to make more of them?)\r\n[br]Heroes of other races who killed them\r\n[br]Legends, songs, about how they died.\r\n[br]\r\n[br]oakenbrand or someone tortured similarly, turned into gulhias tree, maybe no one actually knows?SMP knows? Dark secret, actually a feature, rage/zeal fueled tree, stolen body killed by druids turned into tree",
    "contentParsed": "Venomcry, Dwarves, Shipwrecks, Battles w/ Elves, spell scrolls, sheet music?\nLiches (in tomb? moonwell? battlefield?... maybe COTR trying to make more of them?)\n<br>Heroes of other races who killed them\n<br>Legends, songs, about how they died.\n<br>\n<br>oakenbrand or someone tortured similarly, turned into gulhias tree, maybe no one actually knows?SMP knows? Dark secret, actually a feature, rage/zeal fueled tree, stolen body killed by druids turned into tree",
    "sections": {
        "displaySidebar": {
            "title": "",
            "position": "",
            "content": true,
            "contentParsed": "1"
        },
        "folderId": {
            "title": "",
            "position": "",
            "content": "-1",
            "contentParsed": "-1"
        }
    },
    "relations": {
        "childrenArticles": {
            "title": "",
            "position": "sidebar",
            "type": "collection"
        },
        "memories": {
            "title": "",
            "position": "sidebar",
            "type": "collection"
        },
        "manuscripts": {
            "title": "",
            "position": "sidebar",
            "type": "collection"
        },
        "documents": {
            "title": "",
            "position": "sidebar",
            "type": "collection"
        },
        "ethnicities": {
            "title": "",
            "position": "sidebar",
            "type": "collection"
        },
        "species": {
            "title": "",
            "position": "sidebar",
            "type": "collection"
        },
        "locations": {
            "title": "",
            "position": "sidebar",
            "type": "collection"
        },
        "people": {
            "title": "",
            "position": "sidebar",
            "type": "collection"
        },
        "organizations": {
            "title": "",
            "position": "sidebar",
            "type": "collection"
        },
        "items": {
            "title": "",
            "position": "sidebar",
            "type": "collection"
        },
        "vehicles": {
            "title": "",
            "position": "sidebar",
            "type": "collection"
        }
    }
}