{
    "id": "195148c6-85d7-46dc-9217-247401e17e93",
    "title": "Mielikki",
    "slug": "mielikki-person",
    "state": "public",
    "isWip": true,
    "isDraft": true,
    "entityClass": "Person",
    "icon": "fa-solid fa-user-crown",
    "url": "http://www.worldanvil.com/w/arteria-adorath/a/mielikki-person",
    "subscribergroups": [],
    "folderId": "-1",
    "tags": null,
    "updateDate": {
        "date": "2021-02-09 00:32:01.000000",
        "timezone_type": 3,
        "timezone": "UTC"
    },
    "position": null,
    "excerpt": null,
    "template": "person",
    "wordcount": 470,
    "creationDate": {
        "date": "2021-02-09 00:32:01.000000",
        "timezone_type": 3,
        "timezone": "UTC"
    },
    "publicationDate": null,
    "notificationDate": null,
    "likes": null,
    "views": null,
    "metadata_user": null,
    "metadata_article": null,
    "css_classes": null,
    "cssStyles": null,
    "passcode": null,
    "author": {
        "id": "8059089b-cf59-45b1-b328-a9efcd36f47b",
        "title": "adorath",
        "slug": null,
        "state": null,
        "isWip": null,
        "isDraft": null,
        "entityClass": "User",
        "icon": "fa-solid fa-user",
        "url": "http://www.worldanvil.com/author/adorath",
        "subscribergroups": [],
        "folderId": null,
        "tags": null,
        "updateDate": null
    },
    "category": {
        "id": "d73b8057-14e9-4c03-96e4-70a93c388d5f",
        "title": "Mythology, Gods, Religion",
        "slug": "gods-category",
        "url": "http://www.worldanvil.com/w/arteria-adorath/c/gods-category"
    },
    "world": {
        "id": "238a9dbc-1c3f-4f72-838f-336a90f6c31c",
        "title": "Arteria",
        "slug": "arteria-adorath",
        "state": "public",
        "isWip": null,
        "isDraft": null,
        "entityClass": "World",
        "icon": "fa-solid fa-globe-stand",
        "url": "http://www.worldanvil.com/w/arteria-adorath",
        "subscribergroups": [],
        "folderId": "-1",
        "tags": "",
        "updateDate": {
            "date": "2024-03-29 03:20:43.000000",
            "timezone_type": 3,
            "timezone": "UTC"
        }
    },
    "cover": {
        "id": 1952401,
        "title": "Arteria world cover",
        "slug": null,
        "state": "public",
        "isWip": null,
        "isDraft": null,
        "entityClass": "Image",
        "icon": "fa-solid fa-image",
        "url": "https://www.worldanvil.com/uploads/images/6c977e75d750e89b02a0040abf994163.jpg",
        "subscribergroups": [],
        "folderId": null,
        "tags": "",
        "updateDate": {
            "date": "2021-02-07 07:25:04.000000",
            "timezone_type": 3,
            "timezone": "UTC"
        }
    },
    "content": "Mielikki (pronounced: /maɪˈliki/ my-LEE-kee[11][12] about this audio file listen), also referred to as the Forest Queen, was the neutral good goddess of autumn, druids, dryads, forests, forest creatures, and rangers. Her symbol was a gold-horned, blue-eyed unicorn's head facing left.[13]\n\nContents\n\n    Relationships\n    History\n    Divine Realm\n    Worshipers\n        Orders\n    Notable Worshipers\n    Appendix\n        Background\n        References\n        Sources\n        Connections\n\nRelationships\n\nMielikki was the daughter of Silvanus and a sister of Eldath.[13] She was the superior of Gwaeron Windstrom, Shiallia, and Lurue. She was friends with Shaundakul and Lathander and was an enemy of Malar, Talos, Talona.[14]\nHistory\n\nMielikki very rarely directly revealed herself to her followers. One of the few events where she had a direct influence was in the events of the Spellplague in 1385 DR, when an avatar of her, or at least one of her servants, took Catti-brie and Regis away to a private paradise called Iruladoon she had prepared for them that would remain untouched by the turmoil of the Spellplague to follow. This was presumably done as a favor to Drizzt Do'Urden.[15]\nDivine Realm\n\nShe resided in the Grove of the Unicorns, located within the House of Nature in the World Tree cosmology.[16]\nWorshipers\n\nA holy symbol of Mielikki.\n\nThe clergy of Mielikki included clerics, druids (Forestarms), and rangers (Needles).[citation needed] Generally, druids of Mielikki took on the abilities of rangers, including the ability to wear all kinds of armor usable by rangers, including metal armor (unlike other druids who were not allowed to wear metal armor).[17]\n\nDivine spellcasters following Mielikki prayed for spells in either the morning or evening, but were required to observe both events. Once a month, clerics and druids were required to perform the Song of Trees, calling forth a dryad or treant and performing odd jobs for it for a day. Mielikkians also held the equinoxes and solstices as holy days, called the Four Feasts.[13]\nOrders\n\nA holy symbol of Mielikki.\n\n    Order of the Unicorn's Horn: The Order of the Unicorn's Horn was a small society of itinerant healers who brought solace to injured people, animals, and plants.[14]\n    Shadoweirs: The Shadoweirs served as a type of religious knighthood of the woods. Members were activists who proselytized with zeal and were willing to go on the offensive on behalf of their sacred forests. They sought to advance the regrowth of ancient forests reduced by civilization, and to halt the endless assault of civilization on their ancient homeland.[14]\n\n\n\nTitle(s)\nThe Forest Queen[1]\nOur Lady of the Forest[1]\nThe Supreme Ranger\nSymbol\nGolden-horned, blue-eyed unicorn's head facing left[2]\nAspects/Aliases\nKhalreshaar (Half-elf aspect in the Seldarine)[3]\nKhelliara (Rashemen)[4]\nPantheon\nFaerûnian pantheon, Seldarine\n\nWorshipers\nDruids, fey, foresters, and rangers\n\n5th Edition Statistics[5][1]\nAlignment\nNeutral good\nSymbol\nUnicorn's head\nPortfolio\nForests\nDomains\nNature\nChannel divinity\nCharm animals and plants\n\nFavoured Weapon \tHornblade (Scimitar)\n",
    "contentParsed": "Mielikki (pronounced: /maɪˈliki/ my-LEE-kee[11][12] about this audio file listen), also referred to as the Forest Queen, was the neutral good goddess of autumn, druids, dryads, forests, forest creatures, and rangers. Her symbol was a gold-horned, blue-eyed unicorn&#039;s head facing left.[13]\n<br /><span class=\"line-spacer d-block\">&nbsp;</span>\nContents\n<br /><span class=\"line-spacer d-block\">&nbsp;</span>\n  Relationships\n  History\n  Divine Realm\n  Worshipers\n    Orders\n  Notable Worshipers\n  Appendix\n    Background\n    References\n    Sources\n    Connections\n<br /><span class=\"line-spacer d-block\">&nbsp;</span>\nRelationships\n<br /><span class=\"line-spacer d-block\">&nbsp;</span>\nMielikki was the daughter of Silvanus and a sister of Eldath.[13] She was the superior of Gwaeron Windstrom, Shiallia, and Lurue. She was friends with Shaundakul and Lathander and was an enemy of Malar, Talos, Talona.[14]\nHistory\n<br /><span class=\"line-spacer d-block\">&nbsp;</span>\nMielikki very rarely directly revealed herself to her followers. One of the few events where she had a direct influence was in the events of the Spellplague in 1385 DR, when an avatar of her, or at least one of her servants, took Catti-brie and Regis away to a private paradise called Iruladoon she had prepared for them that would remain untouched by the turmoil of the Spellplague to follow. This was presumably done as a favor to Drizzt Do&#039;Urden.[15]\nDivine Realm\n<br /><span class=\"line-spacer d-block\">&nbsp;</span>\nShe resided in the Grove of the Unicorns, located within the House of Nature in the World Tree cosmology.[16]\nWorshipers\n<br /><span class=\"line-spacer d-block\">&nbsp;</span>\nA holy symbol of Mielikki.\n<br /><span class=\"line-spacer d-block\">&nbsp;</span>\nThe clergy of Mielikki included clerics, druids (Forestarms), and rangers (Needles).[citation needed] Generally, druids of Mielikki took on the abilities of rangers, including the ability to wear all kinds of armor usable by rangers, including metal armor (unlike other druids who were not allowed to wear metal armor).[17]\n<br /><span class=\"line-spacer d-block\">&nbsp;</span>\nDivine spellcasters following Mielikki prayed for spells in either the morning or evening, but were required to observe both events. Once a month, clerics and druids were required to perform the Song of Trees, calling forth a dryad or treant and performing odd jobs for it for a day. Mielikkians also held the equinoxes and solstices as holy days, called the Four Feasts.[13]\nOrders\n<br /><span class=\"line-spacer d-block\">&nbsp;</span>\nA holy symbol of Mielikki.\n<br /><span class=\"line-spacer d-block\">&nbsp;</span>\n  Order of the Unicorn&#039;s Horn: The Order of the Unicorn&#039;s Horn was a small society of itinerant healers who brought solace to injured people, animals, and plants.[14]\n  Shadoweirs: The Shadoweirs served as a type of religious knighthood of the woods. Members were activists who proselytized with zeal and were willing to go on the offensive on behalf of their sacred forests. They sought to advance the regrowth of ancient forests reduced by civilization, and to halt the endless assault of civilization on their ancient homeland.[14]\n<br /><span class=\"line-spacer d-block\">&nbsp;</span>\n<br /><span class=\"line-spacer d-block\">&nbsp;</span>\n<br /><span class=\"line-spacer d-block\">&nbsp;</span>\nTitle(s)\nThe Forest Queen[1]\nOur Lady of the Forest[1]\nThe Supreme Ranger\nSymbol\nGolden-horned, blue-eyed unicorn&#039;s head facing left[2]\nAspects/Aliases\nKhalreshaar (Half-elf aspect in the Seldarine)[3]\nKhelliara (Rashemen)[4]\nPantheon\nFaerûnian pantheon, Seldarine\n<br /><span class=\"line-spacer d-block\">&nbsp;</span>\nWorshipers\nDruids, fey, foresters, and rangers\n<br /><span class=\"line-spacer d-block\">&nbsp;</span>\n5th Edition Statistics[5][1]\nAlignment\nNeutral good\nSymbol\nUnicorn&#039;s head\nPortfolio\nForests\nDomains\nNature\nChannel divinity\nCharm animals and plants\n<br /><span class=\"line-spacer d-block\">&nbsp;</span>\nFavoured Weapon \tHornblade (Scimitar)\n",
    "sections": {
        "displaySidebar": {
            "title": "",
            "position": "",
            "content": true,
            "contentParsed": "1"
        },
        "folderId": {
            "title": "",
            "position": "",
            "content": "-1",
            "contentParsed": "-1"
        }
    },
    "relations": {
        "childrenArticles": {
            "title": "",
            "position": "sidebar",
            "type": "collection"
        },
        "memories": {
            "title": "",
            "position": "sidebar",
            "type": "collection"
        },
        "manuscripts": {
            "title": "",
            "position": "sidebar",
            "type": "collection"
        },
        "locations": {
            "title": "",
            "position": "sidebar",
            "type": "collection"
        },
        "families": {
            "title": "",
            "position": "sidebar",
            "type": "collection"
        },
        "organizations": {
            "title": "",
            "position": "sidebar",
            "type": "collection"
        },
        "vehicles": {
            "title": "",
            "position": "sidebar",
            "type": "collection"
        },
        "firstHeldRanks": {
            "title": "",
            "position": "sidebar",
            "type": "collection"
        },
        "heldItems": {
            "title": "",
            "position": "sidebar",
            "type": "collection"
        },
        "createditems": {
            "title": "",
            "position": "sidebar",
            "type": "collection"
        },
        "foundedLocations": {
            "title": "",
            "position": "sidebar",
            "type": "collection"
        },
        "ruledLocations": {
            "title": "",
            "position": "sidebar",
            "type": "collection"
        },
        "religions": {
            "title": "",
            "position": "sidebar",
            "type": "collection"
        },
        "professions": {
            "title": "",
            "position": "sidebar",
            "type": "collection"
        },
        "myths": {
            "title": "",
            "position": "sidebar",
            "type": "collection"
        },
        "belligerents": {
            "title": "",
            "position": "sidebar",
            "type": "collection"
        },
        "currentRanks": {
            "title": "",
            "position": "sidebar",
            "type": "collection"
        },
        "pastRanks": {
            "title": "",
            "position": "sidebar",
            "type": "collection"
        },
        "plots": {
            "title": "",
            "position": "sidebar",
            "type": "collection"
        },
        "documentsauthored": {
            "title": "",
            "position": "sidebar",
            "type": "collection"
        },
        "documentssigned": {
            "title": "",
            "position": "sidebar",
            "type": "collection"
        },
        "historicalEntries": {
            "title": "",
            "position": "sidebar",
            "type": "collection"
        },
        "conditions": {
            "title": "",
            "position": "sidebar",
            "type": "collection"
        },
        "otherethnicities": {
            "title": "",
            "position": "sidebar",
            "type": "collection"
        },
        "proses": {
            "title": "",
            "position": "sidebar",
            "type": "collection"
        },
        "relatedorganizations": {
            "title": "",
            "position": "sidebar",
            "type": "collection"
        },
        "relatedReports": {
            "title": "",
            "position": "sidebar",
            "type": "collection"
        },
        "foundedOrganizations": {
            "title": "",
            "position": "sidebar",
            "type": "collection"
        }
    }
}