{
    "id": "bf8ae568-d2c7-49d5-9323-68512233ebd7",
    "title": "Orcish Pantheon",
    "slug": "orcish-pantheon-ritual",
    "state": "public",
    "isWip": true,
    "isDraft": true,
    "entityClass": "Ritual",
    "icon": "fa-solid fa-file",
    "url": "http://www.worldanvil.com/w/arteria-adorath/a/orcish-pantheon-ritual",
    "subscribergroups": [],
    "folderId": "-1",
    "tags": "",
    "updateDate": {
        "date": "2023-09-21 13:13:54.000000",
        "timezone_type": 3,
        "timezone": "UTC"
    },
    "position": null,
    "excerpt": null,
    "template": "ritual",
    "wordcount": 127,
    "creationDate": {
        "date": "2023-09-21 13:13:54.000000",
        "timezone_type": 3,
        "timezone": "UTC"
    },
    "publicationDate": null,
    "notificationDate": null,
    "likes": null,
    "views": null,
    "metadata_user": null,
    "metadata_article": null,
    "css_classes": null,
    "cssStyles": null,
    "passcode": null,
    "author": {
        "id": "8059089b-cf59-45b1-b328-a9efcd36f47b",
        "title": "adorath",
        "slug": null,
        "state": null,
        "isWip": null,
        "isDraft": null,
        "entityClass": "User",
        "icon": "fa-solid fa-user",
        "url": "http://www.worldanvil.com/author/adorath",
        "subscribergroups": [],
        "folderId": null,
        "tags": null,
        "updateDate": null
    },
    "category": {
        "id": "d73b8057-14e9-4c03-96e4-70a93c388d5f",
        "title": "Mythology, Gods, Religion",
        "slug": "gods-category",
        "url": "http://www.worldanvil.com/w/arteria-adorath/c/gods-category"
    },
    "world": {
        "id": "238a9dbc-1c3f-4f72-838f-336a90f6c31c",
        "title": "Arteria",
        "slug": "arteria-adorath",
        "state": "public",
        "isWip": null,
        "isDraft": null,
        "entityClass": "World",
        "icon": "fa-solid fa-globe-stand",
        "url": "http://www.worldanvil.com/w/arteria-adorath",
        "subscribergroups": [],
        "folderId": "-1",
        "tags": "",
        "updateDate": {
            "date": "2024-03-29 03:20:43.000000",
            "timezone_type": 3,
            "timezone": "UTC"
        }
    },
    "cover": {
        "id": 1952401,
        "title": "Arteria world cover",
        "slug": null,
        "state": "public",
        "isWip": null,
        "isDraft": null,
        "entityClass": "Image",
        "icon": "fa-solid fa-image",
        "url": "https://www.worldanvil.com/uploads/images/6c977e75d750e89b02a0040abf994163.jpg",
        "subscribergroups": [],
        "folderId": null,
        "tags": "",
        "updateDate": {
            "date": "2021-02-07 07:25:04.000000",
            "timezone_type": 3,
            "timezone": "UTC"
        }
    },
    "content": "Gruumsh, god of rage, war, vision, paranoia.\nBahgtru, god of pure, physical strength, patron of the average orc, awesomely strong, utterly oafish \"the leg breaker\", son of luthic and gruumsh\nIlneval, god of warfare, patron of orc captains, lead the charge, overwhelming numbers \"the horde leader, the war maker\" \nLuthic, goddess of caves, holds orcs together, healing, home, female orcs. \"the cave mother\"\n\n\n“An orc life is a god-ridden life. Luthic's at birth, Luthic's at death, and striving to prove themselves to Gruumsh in between.”\n— Elminster's notes in Volo's Guide to Monsters.\n\nLuthic and Ilneval primarily hold sway over the orcs of Ashdrift, before their descent into Avernus. The Orcs in their desperation turn back to gruumsh to help save them from a perilous fate.",
    "contentParsed": "Gruumsh, god of rage, war, vision, paranoia.\nBahgtru, god of pure, physical strength, patron of the average orc, awesomely strong, utterly oafish &quot;the leg breaker&quot;, son of luthic and gruumsh\nIlneval, god of warfare, patron of orc captains, lead the charge, overwhelming numbers &quot;the horde leader, the war maker&quot; \nLuthic, goddess of caves, holds orcs together, healing, home, female orcs. &quot;the cave mother&quot;\n<br /><span class=\"line-spacer d-block\">&nbsp;</span>\n<br /><span class=\"line-spacer d-block\">&nbsp;</span>\n“An orc life is a god-ridden life. Luthic&#039;s at birth, Luthic&#039;s at death, and striving to prove themselves to Gruumsh in between.”\n— Elminster&#039;s notes in Volo&#039;s Guide to Monsters.\n<br /><span class=\"line-spacer d-block\">&nbsp;</span>\nLuthic and Ilneval primarily hold sway over the orcs of Ashdrift, before their descent into Avernus. The Orcs in their desperation turn back to gruumsh to help save them from a perilous fate.",
    "sections": {
        "displaySidebar": {
            "title": "",
            "position": "",
            "content": true,
            "contentParsed": "1"
        },
        "folderId": {
            "title": "",
            "position": "",
            "content": "-1",
            "contentParsed": "-1"
        }
    },
    "relations": {
        "childrenArticles": {
            "title": "",
            "position": "sidebar",
            "type": "collection"
        },
        "memories": {
            "title": "",
            "position": "sidebar",
            "type": "collection"
        },
        "manuscripts": {
            "title": "",
            "position": "sidebar",
            "type": "collection"
        },
        "organizations": {
            "title": "",
            "position": "sidebar",
            "type": "collection"
        },
        "importantLocations": {
            "title": "",
            "position": "sidebar",
            "type": "collection"
        },
        "ethnicities": {
            "title": "",
            "position": "sidebar",
            "type": "collection"
        }
    }
}