{
    "id": "73202f88-1a0e-4d42-979e-0ad92ff7b605",
    "title": "Torm",
    "slug": "torm-myth",
    "state": "public",
    "isWip": true,
    "isDraft": false,
    "entityClass": "Myth",
    "icon": "fa-solid fa-file",
    "url": "http://www.worldanvil.com/w/arteria-adorath/a/torm-myth",
    "subscribergroups": [],
    "folderId": "-1",
    "tags": null,
    "updateDate": {
        "date": "2020-11-14 07:52:04.000000",
        "timezone_type": 3,
        "timezone": "UTC"
    },
    "position": 970,
    "excerpt": null,
    "template": "myth",
    "wordcount": 1232,
    "creationDate": {
        "date": "2020-11-14 07:52:04.000000",
        "timezone_type": 3,
        "timezone": "UTC"
    },
    "publicationDate": {
        "date": "2020-11-15 06:46:45.000000",
        "timezone_type": 3,
        "timezone": "UTC"
    },
    "notificationDate": null,
    "likes": null,
    "views": 116,
    "metadata_user": null,
    "metadata_article": null,
    "css_classes": null,
    "cssStyles": null,
    "passcode": null,
    "author": {
        "id": "8059089b-cf59-45b1-b328-a9efcd36f47b",
        "title": "adorath",
        "slug": null,
        "state": null,
        "isWip": null,
        "isDraft": null,
        "entityClass": "User",
        "icon": "fa-solid fa-user",
        "url": "http://www.worldanvil.com/author/adorath",
        "subscribergroups": [],
        "folderId": null,
        "tags": null,
        "updateDate": null
    },
    "category": {
        "id": "d73b8057-14e9-4c03-96e4-70a93c388d5f",
        "title": "Mythology, Gods, Religion",
        "slug": "gods-category",
        "url": "http://www.worldanvil.com/w/arteria-adorath/c/gods-category"
    },
    "world": {
        "id": "238a9dbc-1c3f-4f72-838f-336a90f6c31c",
        "title": "Arteria",
        "slug": "arteria-adorath",
        "state": "public",
        "isWip": null,
        "isDraft": null,
        "entityClass": "World",
        "icon": "fa-solid fa-globe-stand",
        "url": "http://www.worldanvil.com/w/arteria-adorath",
        "subscribergroups": [],
        "folderId": "-1",
        "tags": "",
        "updateDate": {
            "date": "2024-03-29 03:20:43.000000",
            "timezone_type": 3,
            "timezone": "UTC"
        }
    },
    "cover": {
        "id": 1952401,
        "title": "Arteria world cover",
        "slug": null,
        "state": "public",
        "isWip": null,
        "isDraft": null,
        "entityClass": "Image",
        "icon": "fa-solid fa-image",
        "url": "https://www.worldanvil.com/uploads/images/6c977e75d750e89b02a0040abf994163.jpg",
        "subscribergroups": [],
        "folderId": null,
        "tags": "",
        "updateDate": {
            "date": "2021-02-07 07:25:04.000000",
            "timezone_type": 3,
            "timezone": "UTC"
        }
    },
    "content": "Torm (pronounced: /ˈtɔːrm/ TORM[12][2]) known as The True and The Loyal Fury, was the god whose portfolio consisted of duty, loyalty, righteousness,[2] and, after the Spellplague, law.[8] His symbol was a right-hand gauntlet held upright with palm forward.[2]\n\nDivine Realm\n\nTorm's divine realm was called Trueheart. In the Great Wheel cosmology, it was located in Mercuria, the second of the Seven Heavens.[15][16]\nHistory\n\nThe origins of Torm were a mystery, although it was known he was once a mortal hero during the time of the fall of Netheril, who eventually became a demigod. Many scholars believed that the mortal Torm lived in a nation on the Border Kingdoms known as Chalsembyr.[2] At some point before the Year of Fortunes Fair, −238 DR, Torm joined the forces of the god Tyr, who at the time was carrying over his Procession of Justice, as his war leader. Eventually, the alliance of Torm, Tyr, and Ilmater, another ally of Tyr, became known as the Triad.[17]\n\nTorm gained considerable attention and praise during the Time of Troubles, when his faithful helped keep one of the missing Tablets of Fate safe, and his own avatar battled and completely destroyed the avatar of Bane outside Tantras on Eleasis 13 in the Year of Shadows, 1358 DR, seemingly killing the god who had already been weakened by Mystra and her servant Elminster.[2][18] Torm knew he did not have enough power to defeat Bane, so he chose to absorb the souls of his worshipers in Tantras knowing that they would be instantly killed. The transferring of souls was done voluntarily and took thousands of lives, but Torm chose to spare children aged 14 and below. These individuals became known as the Martyr's Progeny.[2]\n\nTorm died in that battle, but because of his loyalty to his portfolio, Lord Ao resurrected Torm shortly after the end of the Time of Troubles[19] and Tyr raised him to the status of lesser deity.[2]\n\nIn the Year of Three Streams Blooded, 1384 DR, the dark god Cyric manipulated Tyr to battle Helm, god of guardians, over a misunderstanding. Tyr won, and Helm died.[20] This divided the Triad, as Ilmater chose to leave their shared plane, the House of the Triad, to live with the goddess Sune in Brightwater.[21] Crushed by grief and shame, Tyr abdicated his godhood and granted Torm all his divine power. Tyr counseled all of his followers to offer their allegiance to Torm.[20][22]\n\nIn the Year of Blue Fire, 1385 DR, after the Spellplague had wreaked havoc in the planes, a group of demons led by the balor lord Axithar invaded the House of the Triad, and when Tyr and Torm sent calls for help, the dragon god Bahamut answered by sending his legions to aid in destroying the demons.[23] However, Tyr died while defending the celestial planes during the ensuing battle.[20][3]\n\nAfterwards, Torm became the chief deity of the Triad and promoted Bahamut to the same position he once occupied while serving Tyr, and Ilmater joined his fellow god once again.[8] The three gods moved to the plane of Celestia[6] and re-purposed the role of the Triad in the Realms.[8]\nRelationships\n\nTorm greatly revered Tyr, seeing him as his spiritual father.[8] He was also a staunch ally of Ilmater.[2]\n\nTorm had a friendship with Helm prior to the latter's death in 1384 DR, though the two deities' priesthoods were cold to one another.[2][20]\n\nIt was well known that he and the Red Knight were fond of one another, but whether the two were friends or lovers was something the duo kept to themselves.[2]\n\nTorm was also good friends with Lathander and Amaunator, the latter even earning great respect from the Loyal Fury.[8]\n\nTorm was also a comrade of the dragon god Bahamut, who was also a servant deity to him, much like a knight.[8] Both gods had battled side-by-side against evil gods and devils on many occasions.[24]\n\nTorm had many enemies amongst the foul deities, chief among them Bane and Shar. He held especial enmity for Cyric, as he saw how the dark god had greatly damaged Tyr.[8]\nThe Triad\n\n    Main article: The Triad\n\nTorm was one of the three deities of similar interests known as the Triad, along with Ilmater and Tyr. It was often said by common folk that Torm was the weakest of the three in his subservient role, but the role he played was of true importance: he acted as the nexus that held the three together. Torm tempered Tyr's zeal for justice with his gifts of mercy and humility.[15]\n\nAfter the death of Tyr, Torm became the new leader of the Triad when he took the seat of the master of Celestia. In this \"new\" Triad, Bahamut took the role of the god of justice in place of Tyr, while Ilmater became the god of mercy, and Torm the god of law, acting as a point of balance between the other two gods.[8]\nWorshipers\n\nSymbol of Torm\n\nAnother symbol of Torm.\n\nKnown as Tormtar, Torm's worshipers consisted mainly of human males and females who favored the causes of both good and law. Righteousness, honesty, loyalty and truth were their primary pursuits. After the Time of Troubles, the number of dwarven and elvish members was increasing.[19] In the post-Spellplague world, which was more dangerous and darker than ever, Torm's followers shone as beacons of hope and courage.[25]\n\nTo atone for their failings and sins during the Time of Troubles., the Tormtar had to undertake various obligations and responsibilities called the Penance of Duty. To fulfill the Debt of Persecution, they had to aid the faithful of good gods whom they'd persecuted, such as by guarding their temples or helping them become re-established. In addition, they had to fulfill the Debt of Dereliction by expending every resource possible to eliminate cults of Cyric and Bane, and the Debt of Destruction, by locating and recording areas of dead and wild magic and repairing the Weave.[26][15]\nOrders\n\n    Order of the Golden Lion: High Cleric Barriltar Bhandraddon served as Torm's pontiff and ruled from the Temple of Torm's Coming in Tantras. From this place, the pontiff extended Torm's reach and worship by sponsoring knightly orders across the continent, including the Order of the Golden Lion. They in particular performed the Penance of Dity.[27][28]\n    Eye of Justice: This order, based in Westgate, was considered heretical by many Tormites. The Order worshiped a form of Torm they referred to as the \"Threefold God\", which they believed to be a combination of Torm and the dead gods Tyr and Helm. Members of this sect had no pity or fear and often used tactics some would consider questionable. The Order attracted outcasts from other orders as well as people seeking redemption for evil acts.[25]\n    Girded Healers: Members of this order worshiped both Torm and Ilmater. The primary purpose of this order was to heal those touched by war or the Spellplague.[25]\n\nRumors and Legends\nA group of hundreds of thousands of humanoid creatures of all types called the Wanderers walked eternally in formation across the inner surface of the Realmspace crystal sphere, and their constant chant allowed the opening of portals used by spelljammers. According to legend, they were exceptionally evil individuals sentenced at their death to this fate by the gods. Torm seemed to be responsible for their existence and to play an important role in this process, as each of the Wanderers wore his symbol on their palm. ",
    "contentParsed": "Torm (pronounced: /ˈtɔːrm/ TORM[12][2]) known as The True and The Loyal Fury, was the god whose portfolio consisted of duty, loyalty, righteousness,[2] and, after the Spellplague, law.[8] His symbol was a right-hand gauntlet held upright with palm forward.[2]\n<br /><span class=\"line-spacer d-block\">&nbsp;</span>\nDivine Realm\n<br /><span class=\"line-spacer d-block\">&nbsp;</span>\nTorm&#039;s divine realm was called Trueheart. In the Great Wheel cosmology, it was located in Mercuria, the second of the Seven Heavens.[15][16]\nHistory\n<br /><span class=\"line-spacer d-block\">&nbsp;</span>\nThe origins of Torm were a mystery, although it was known he was once a mortal hero during the time of the fall of Netheril, who eventually became a demigod. Many scholars believed that the mortal Torm lived in a nation on the Border Kingdoms known as Chalsembyr.[2] At some point before the Year of Fortunes Fair, −238 DR, Torm joined the forces of the god Tyr, who at the time was carrying over his Procession of Justice, as his war leader. Eventually, the alliance of Torm, Tyr, and Ilmater, another ally of Tyr, became known as the Triad.[17]\n<br /><span class=\"line-spacer d-block\">&nbsp;</span>\nTorm gained considerable attention and praise during the Time of Troubles, when his faithful helped keep one of the missing Tablets of Fate safe, and his own avatar battled and completely destroyed the avatar of Bane outside Tantras on Eleasis 13 in the Year of Shadows, 1358 DR, seemingly killing the god who had already been weakened by Mystra and her servant Elminster.[2][18] Torm knew he did not have enough power to defeat Bane, so he chose to absorb the souls of his worshipers in Tantras knowing that they would be instantly killed. The transferring of souls was done voluntarily and took thousands of lives, but Torm chose to spare children aged 14 and below. These individuals became known as the Martyr&#039;s Progeny.[2]\n<br /><span class=\"line-spacer d-block\">&nbsp;</span>\nTorm died in that battle, but because of his loyalty to his portfolio, Lord Ao resurrected Torm shortly after the end of the Time of Troubles[19] and Tyr raised him to the status of lesser deity.[2]\n<br /><span class=\"line-spacer d-block\">&nbsp;</span>\nIn the Year of Three Streams Blooded, 1384 DR, the dark god Cyric manipulated Tyr to battle Helm, god of guardians, over a misunderstanding. Tyr won, and Helm died.[20] This divided the Triad, as Ilmater chose to leave their shared plane, the House of the Triad, to live with the goddess Sune in Brightwater.[21] Crushed by grief and shame, Tyr abdicated his godhood and granted Torm all his divine power. Tyr counseled all of his followers to offer their allegiance to Torm.[20][22]\n<br /><span class=\"line-spacer d-block\">&nbsp;</span>\nIn the Year of Blue Fire, 1385 DR, after the Spellplague had wreaked havoc in the planes, a group of demons led by the balor lord Axithar invaded the House of the Triad, and when Tyr and Torm sent calls for help, the dragon god Bahamut answered by sending his legions to aid in destroying the demons.[23] However, Tyr died while defending the celestial planes during the ensuing battle.[20][3]\n<br /><span class=\"line-spacer d-block\">&nbsp;</span>\nAfterwards, Torm became the chief deity of the Triad and promoted Bahamut to the same position he once occupied while serving Tyr, and Ilmater joined his fellow god once again.[8] The three gods moved to the plane of Celestia[6] and re-purposed the role of the Triad in the Realms.[8]\nRelationships\n<br /><span class=\"line-spacer d-block\">&nbsp;</span>\nTorm greatly revered Tyr, seeing him as his spiritual father.[8] He was also a staunch ally of Ilmater.[2]\n<br /><span class=\"line-spacer d-block\">&nbsp;</span>\nTorm had a friendship with Helm prior to the latter&#039;s death in 1384 DR, though the two deities&#039; priesthoods were cold to one another.[2][20]\n<br /><span class=\"line-spacer d-block\">&nbsp;</span>\nIt was well known that he and the Red Knight were fond of one another, but whether the two were friends or lovers was something the duo kept to themselves.[2]\n<br /><span class=\"line-spacer d-block\">&nbsp;</span>\nTorm was also good friends with Lathander and Amaunator, the latter even earning great respect from the Loyal Fury.[8]\n<br /><span class=\"line-spacer d-block\">&nbsp;</span>\nTorm was also a comrade of the dragon god Bahamut, who was also a servant deity to him, much like a knight.[8] Both gods had battled side-by-side against evil gods and devils on many occasions.[24]\n<br /><span class=\"line-spacer d-block\">&nbsp;</span>\nTorm had many enemies amongst the foul deities, chief among them Bane and Shar. He held especial enmity for Cyric, as he saw how the dark god had greatly damaged Tyr.[8]\nThe Triad\n<br /><span class=\"line-spacer d-block\">&nbsp;</span>\n  Main article: The Triad\n<br /><span class=\"line-spacer d-block\">&nbsp;</span>\nTorm was one of the three deities of similar interests known as the Triad, along with Ilmater and Tyr. It was often said by common folk that Torm was the weakest of the three in his subservient role, but the role he played was of true importance: he acted as the nexus that held the three together. Torm tempered Tyr&#039;s zeal for justice with his gifts of mercy and humility.[15]\n<br /><span class=\"line-spacer d-block\">&nbsp;</span>\nAfter the death of Tyr, Torm became the new leader of the Triad when he took the seat of the master of Celestia. In this &quot;new&quot; Triad, Bahamut took the role of the god of justice in place of Tyr, while Ilmater became the god of mercy, and Torm the god of law, acting as a point of balance between the other two gods.[8]\nWorshipers\n<br /><span class=\"line-spacer d-block\">&nbsp;</span>\nSymbol of Torm\n<br /><span class=\"line-spacer d-block\">&nbsp;</span>\nAnother symbol of Torm.\n<br /><span class=\"line-spacer d-block\">&nbsp;</span>\nKnown as Tormtar, Torm&#039;s worshipers consisted mainly of human males and females who favored the causes of both good and law. Righteousness, honesty, loyalty and truth were their primary pursuits. After the Time of Troubles, the number of dwarven and elvish members was increasing.[19] In the post-Spellplague world, which was more dangerous and darker than ever, Torm&#039;s followers shone as beacons of hope and courage.[25]\n<br /><span class=\"line-spacer d-block\">&nbsp;</span>\nTo atone for their failings and sins during the Time of Troubles., the Tormtar had to undertake various obligations and responsibilities called the Penance of Duty. To fulfill the Debt of Persecution, they had to aid the faithful of good gods whom they&#039;d persecuted, such as by guarding their temples or helping them become re-established. In addition, they had to fulfill the Debt of Dereliction by expending every resource possible to eliminate cults of Cyric and Bane, and the Debt of Destruction, by locating and recording areas of dead and wild magic and repairing the Weave.[26][15]\nOrders\n<br /><span class=\"line-spacer d-block\">&nbsp;</span>\n  Order of the Golden Lion: High Cleric Barriltar Bhandraddon served as Torm&#039;s pontiff and ruled from the Temple of Torm&#039;s Coming in Tantras. From this place, the pontiff extended Torm&#039;s reach and worship by sponsoring knightly orders across the continent, including the Order of the Golden Lion. They in particular performed the Penance of Dity.[27][28]\n  Eye of Justice: This order, based in Westgate, was considered heretical by many Tormites. The Order worshiped a form of Torm they referred to as the &quot;Threefold God&quot;, which they believed to be a combination of Torm and the dead gods Tyr and Helm. Members of this sect had no pity or fear and often used tactics some would consider questionable. The Order attracted outcasts from other orders as well as people seeking redemption for evil acts.[25]\n  Girded Healers: Members of this order worshiped both Torm and Ilmater. The primary purpose of this order was to heal those touched by war or the Spellplague.[25]\n<br /><span class=\"line-spacer d-block\">&nbsp;</span>\nRumors and Legends\nA group of hundreds of thousands of humanoid creatures of all types called the Wanderers walked eternally in formation across the inner surface of the Realmspace crystal sphere, and their constant chant allowed the opening of portals used by spelljammers. According to legend, they were exceptionally evil individuals sentenced at their death to this fate by the gods. Torm seemed to be responsible for their existence and to play an important role in this process, as each of the Wanderers wore his symbol on their palm. ",
    "sections": {
        "displaySidebar": {
            "title": "",
            "position": "",
            "content": true,
            "contentParsed": "1"
        },
        "folderId": {
            "title": "",
            "position": "",
            "content": "-1",
            "contentParsed": "-1"
        }
    },
    "relations": {
        "childrenArticles": {
            "title": "",
            "position": "sidebar",
            "type": "collection"
        },
        "memories": {
            "title": "",
            "position": "sidebar",
            "type": "collection"
        },
        "manuscripts": {
            "title": "",
            "position": "sidebar",
            "type": "collection"
        },
        "documents": {
            "title": "",
            "position": "sidebar",
            "type": "collection"
        },
        "ethnicities": {
            "title": "",
            "position": "sidebar",
            "type": "collection"
        },
        "species": {
            "title": "",
            "position": "sidebar",
            "type": "collection"
        },
        "locations": {
            "title": "",
            "position": "sidebar",
            "type": "collection"
        },
        "people": {
            "title": "",
            "position": "sidebar",
            "type": "collection"
        },
        "organizations": {
            "title": "",
            "position": "sidebar",
            "type": "collection"
        },
        "items": {
            "title": "",
            "position": "sidebar",
            "type": "collection"
        },
        "vehicles": {
            "title": "",
            "position": "sidebar",
            "type": "collection"
        }
    }
}