{
    "id": "7229703b-a912-4032-8ce6-a61dba02e084",
    "title": "Cloudleaf",
    "slug": "cloudleaf-species",
    "state": "public",
    "isWip": true,
    "isDraft": false,
    "entityClass": "Species",
    "icon": "fa-solid fa-file",
    "url": "http://www.worldanvil.com/w/arteria-adorath/a/cloudleaf-species",
    "subscribergroups": [],
    "folderId": "-1",
    "tags": null,
    "updateDate": {
        "date": "2020-11-05 03:38:22.000000",
        "timezone_type": 3,
        "timezone": "UTC"
    },
    "position": 990,
    "excerpt": null,
    "template": "species",
    "wordcount": 126,
    "creationDate": {
        "date": "2020-10-25 18:27:57.000000",
        "timezone_type": 3,
        "timezone": "UTC"
    },
    "publicationDate": {
        "date": "2020-10-25 18:33:08.000000",
        "timezone_type": 3,
        "timezone": "UTC"
    },
    "notificationDate": null,
    "likes": null,
    "views": 70,
    "metadata_user": null,
    "metadata_article": null,
    "css_classes": null,
    "cssStyles": null,
    "passcode": null,
    "author": {
        "id": "8059089b-cf59-45b1-b328-a9efcd36f47b",
        "title": "adorath",
        "slug": null,
        "state": null,
        "isWip": null,
        "isDraft": null,
        "entityClass": "User",
        "icon": "fa-solid fa-user",
        "url": "http://www.worldanvil.com/author/adorath",
        "subscribergroups": [],
        "folderId": null,
        "tags": null,
        "updateDate": null
    },
    "category": {
        "id": "8ed425a9-55e9-4954-9735-60d2349add2c",
        "title": "Farofaen",
        "slug": "farofaen-category",
        "url": "http://www.worldanvil.com/w/arteria-adorath/c/farofaen-category"
    },
    "world": {
        "id": "238a9dbc-1c3f-4f72-838f-336a90f6c31c",
        "title": "Arteria",
        "slug": "arteria-adorath",
        "state": "public",
        "isWip": null,
        "isDraft": null,
        "entityClass": "World",
        "icon": "fa-solid fa-globe-stand",
        "url": "http://www.worldanvil.com/w/arteria-adorath",
        "subscribergroups": [],
        "folderId": "-1",
        "tags": "",
        "updateDate": {
            "date": "2024-03-29 03:20:43.000000",
            "timezone_type": 3,
            "timezone": "UTC"
        }
    },
    "cover": {
        "id": 1952401,
        "title": "Arteria world cover",
        "slug": null,
        "state": "public",
        "isWip": null,
        "isDraft": null,
        "entityClass": "Image",
        "icon": "fa-solid fa-image",
        "url": "https://www.worldanvil.com/uploads/images/6c977e75d750e89b02a0040abf994163.jpg",
        "subscribergroups": [],
        "folderId": null,
        "tags": "",
        "updateDate": {
            "date": "2021-02-07 07:25:04.000000",
            "timezone_type": 3,
            "timezone": "UTC"
        }
    },
    "content": "Cloudleaf is an extremely light weight wood, while managing to maintain much the same strength of heavier species. The trees are deciduous and in autumn when the leaves \"fall\", they have a tendency to float away, eventually dissipating quite a distance away, dropping their connected seeds. While floating they create an effect similar to a mummeration, blown on the slightest air current. Being spent the seeds tend to fall all together, seeding a new stand of Cloudleaf.",
    "contentParsed": "Cloudleaf is an extremely light weight wood, while managing to maintain much the same strength of heavier species. The trees are deciduous and in autumn when the leaves &quot;fall&quot;, they have a tendency to float away, eventually dissipating quite a distance away, dropping their connected seeds. While floating they create an effect similar to a mummeration, blown on the slightest air current. Being spent the seeds tend to fall all together, seeding a new stand of Cloudleaf.",
    "sections": {
        "displaySidebar": {
            "title": "",
            "position": "",
            "content": true,
            "contentParsed": "1"
        },
        "folderId": {
            "title": "",
            "position": "",
            "content": "-1",
            "contentParsed": "-1"
        },
        "genetics": {
            "title": "",
            "position": "",
            "content": "Seeds spread during mummeration of leaves, creating large stands of Cloudleaf.",
            "contentParsed": "Seeds spread during mummeration of leaves, creating large stands of Cloudleaf."
        },
        "ecology": {
            "title": "",
            "position": "",
            "content": "The seeds interact with the Cloud Leaf Chipper, that eat the seeds.",
            "contentParsed": "The seeds interact with the Cloud Leaf Chipper, that eat the seeds."
        },
        "biocycle": {
            "title": "",
            "position": "",
            "content": "Leaves fall early in the autumn to give them time to fly and eventually land before the snows come.",
            "contentParsed": "Leaves fall early in the autumn to give them time to fly and eventually land before the snows come."
        },
        "growthrate": {
            "title": "",
            "position": "",
            "content": "A relatively fast growing tree.",
            "contentParsed": "A relatively fast growing tree."
        },
        "conservation": {
            "title": "",
            "position": "",
            "content": "Threatened",
            "contentParsed": "Threatened"
        }
    },
    "relations": {
        "childrenArticles": {
            "title": "",
            "position": "sidebar",
            "type": "collection"
        },
        "memories": {
            "title": "",
            "position": "sidebar",
            "type": "collection"
        },
        "manuscripts": {
            "title": "",
            "position": "sidebar",
            "type": "collection"
        },
        "people": {
            "title": "",
            "position": "sidebar",
            "type": "collection"
        },
        "relatedHistories": {
            "title": "",
            "position": "sidebar",
            "type": "collection"
        },
        "parents": {
            "title": "",
            "position": "sidebar",
            "type": "collection"
        },
        "children": {
            "title": "",
            "position": "sidebar",
            "type": "collection"
        },
        "myths": {
            "title": "",
            "position": "sidebar",
            "type": "collection"
        },
        "materials": {
            "title": "",
            "position": "sidebar",
            "type": "collection"
        },
        "ethnicities": {
            "title": "",
            "position": "sidebar",
            "type": "collection"
        },
        "locations": {
            "title": "",
            "position": "sidebar",
            "type": "collection",
            "items": [
                {
                    "id": "e88be979-87a4-42da-97c7-5060c239750d",
                    "title": "Farofaen",
                    "slug": "farofaen-location",
                    "url": "http://www.worldanvil.com/w/arteria-adorath/a/farofaen-location",
                    "relationshipType": "article",
                    "type": "location"
                }
            ]
        },
        "conditions": {
            "title": "",
            "position": "sidebar",
            "type": "collection"
        },
        "relatedTechnologies": {
            "title": "",
            "position": "sidebar",
            "type": "collection"
        },
        "relatedOrganizations": {
            "title": "",
            "position": "sidebar",
            "type": "collection"
        }
    }
}