{
    "id": "1beff3b9-355f-49a1-bb2e-12c5919f232f",
    "title": "Ironwood Enclave",
    "slug": "ironwood-enclave-formation",
    "state": "public",
    "isWip": true,
    "isDraft": true,
    "entityClass": "Formation",
    "icon": "fa-solid fa-file",
    "url": "http://www.worldanvil.com/w/arteria-adorath/a/ironwood-enclave-formation",
    "subscribergroups": [],
    "folderId": "-1",
    "tags": null,
    "updateDate": {
        "date": "2020-11-07 07:44:09.000000",
        "timezone_type": 3,
        "timezone": "UTC"
    },
    "position": null,
    "excerpt": null,
    "template": "formation",
    "wordcount": 17,
    "creationDate": {
        "date": "2020-11-07 07:44:09.000000",
        "timezone_type": 3,
        "timezone": "UTC"
    },
    "publicationDate": null,
    "notificationDate": null,
    "likes": null,
    "views": null,
    "metadata_user": null,
    "metadata_article": null,
    "css_classes": null,
    "cssStyles": null,
    "passcode": null,
    "author": {
        "id": "8059089b-cf59-45b1-b328-a9efcd36f47b",
        "title": "adorath",
        "slug": null,
        "state": null,
        "isWip": null,
        "isDraft": null,
        "entityClass": "User",
        "icon": "fa-solid fa-user",
        "url": "http://www.worldanvil.com/author/adorath",
        "subscribergroups": [],
        "folderId": null,
        "tags": null,
        "updateDate": null
    },
    "category": {
        "id": "5d2cfc0b-ae51-420d-838b-dcd68f092452",
        "title": "Druids",
        "slug": "druids-category",
        "url": "http://www.worldanvil.com/w/arteria-adorath/c/druids-category"
    },
    "world": {
        "id": "238a9dbc-1c3f-4f72-838f-336a90f6c31c",
        "title": "Arteria",
        "slug": "arteria-adorath",
        "state": "public",
        "isWip": null,
        "isDraft": null,
        "entityClass": "World",
        "icon": "fa-solid fa-globe-stand",
        "url": "http://www.worldanvil.com/w/arteria-adorath",
        "subscribergroups": [],
        "folderId": "-1",
        "tags": "",
        "updateDate": {
            "date": "2024-03-29 03:20:43.000000",
            "timezone_type": 3,
            "timezone": "UTC"
        }
    },
    "cover": {
        "id": 1952401,
        "title": "Arteria world cover",
        "slug": null,
        "state": "public",
        "isWip": null,
        "isDraft": null,
        "entityClass": "Image",
        "icon": "fa-solid fa-image",
        "url": "https://www.worldanvil.com/uploads/images/6c977e75d750e89b02a0040abf994163.jpg",
        "subscribergroups": [],
        "folderId": null,
        "tags": "",
        "updateDate": {
            "date": "2021-02-07 07:25:04.000000",
            "timezone_type": 3,
            "timezone": "UTC"
        }
    },
    "content": "Druids against the Magocracy. Less fervent than the Druids of the Scythe.",
    "contentParsed": "Druids against the Magocracy. Less fervent than the Druids of the Scythe.",
    "sections": {
        "displaySidebar": {
            "title": "",
            "position": "",
            "content": true,
            "contentParsed": "1"
        },
        "folderId": {
            "title": "",
            "position": "",
            "content": "-1",
            "contentParsed": "-1"
        }
    },
    "relations": {
        "childrenArticles": {
            "title": "",
            "position": "sidebar",
            "type": "collection"
        },
        "memories": {
            "title": "",
            "position": "sidebar",
            "type": "collection"
        },
        "manuscripts": {
            "title": "",
            "position": "sidebar",
            "type": "collection"
        },
        "children": {
            "title": "",
            "position": "sidebar",
            "type": "collection"
        },
        "units": {
            "title": "",
            "position": "sidebar",
            "type": "collection"
        },
        "vehiclesUsed": {
            "title": "",
            "position": "sidebar",
            "type": "collection"
        },
        "relatedorganizations": {
            "title": "",
            "position": "sidebar",
            "type": "collection"
        },
        "relatedranks": {
            "title": "",
            "position": "sidebar",
            "type": "collection"
        }
    }
}