{
    "id": "5d9c6841-8329-4bf0-83d1-3313098e0b6a",
    "title": "Five Finger Viscounts",
    "slug": "five-finger-viscounts-organization",
    "state": "public",
    "isWip": true,
    "isDraft": false,
    "entityClass": "Organization",
    "icon": "fa-solid fa-shield-quartered",
    "url": "http://www.worldanvil.com/w/arteria-adorath/a/five-finger-viscounts-organization",
    "subscribergroups": [],
    "folderId": "-1",
    "tags": null,
    "updateDate": {
        "date": "2021-02-07 08:17:52.000000",
        "timezone_type": 3,
        "timezone": "UTC"
    },
    "position": null,
    "excerpt": null,
    "template": "organization",
    "wordcount": 45,
    "creationDate": {
        "date": "2020-11-01 01:29:51.000000",
        "timezone_type": 3,
        "timezone": "UTC"
    },
    "publicationDate": {
        "date": "2020-11-01 01:30:07.000000",
        "timezone_type": 3,
        "timezone": "UTC"
    },
    "notificationDate": null,
    "likes": null,
    "views": 2,
    "metadata_user": null,
    "metadata_article": null,
    "css_classes": null,
    "cssStyles": null,
    "passcode": null,
    "author": {
        "id": "8059089b-cf59-45b1-b328-a9efcd36f47b",
        "title": "adorath",
        "slug": null,
        "state": null,
        "isWip": null,
        "isDraft": null,
        "entityClass": "User",
        "icon": "fa-solid fa-user",
        "url": "http://www.worldanvil.com/author/adorath",
        "subscribergroups": [],
        "folderId": null,
        "tags": null,
        "updateDate": null
    },
    "category": {
        "id": "4d4fcdde-751e-4683-92cf-14e6d009b6cc",
        "title": "Five Finger Viscounts",
        "slug": "five-finger-viscounts-category",
        "url": "http://www.worldanvil.com/w/arteria-adorath/c/five-finger-viscounts-category"
    },
    "world": {
        "id": "238a9dbc-1c3f-4f72-838f-336a90f6c31c",
        "title": "Arteria",
        "slug": "arteria-adorath",
        "state": "public",
        "isWip": null,
        "isDraft": null,
        "entityClass": "World",
        "icon": "fa-solid fa-globe-stand",
        "url": "http://www.worldanvil.com/w/arteria-adorath",
        "subscribergroups": [],
        "folderId": "-1",
        "tags": "",
        "updateDate": {
            "date": "2024-03-29 03:20:43.000000",
            "timezone_type": 3,
            "timezone": "UTC"
        }
    },
    "cover": {
        "id": 1952401,
        "title": "Arteria world cover",
        "slug": null,
        "state": "public",
        "isWip": null,
        "isDraft": null,
        "entityClass": "Image",
        "icon": "fa-solid fa-image",
        "url": "https://www.worldanvil.com/uploads/images/6c977e75d750e89b02a0040abf994163.jpg",
        "subscribergroups": [],
        "folderId": null,
        "tags": "",
        "updateDate": {
            "date": "2021-02-07 07:25:04.000000",
            "timezone_type": 3,
            "timezone": "UTC"
        }
    },
    "flag": {
        "id": 1624800,
        "title": "Five Finger Viscounts.jpg",
        "slug": null,
        "state": "public",
        "isWip": null,
        "isDraft": null,
        "entityClass": "Image",
        "icon": "fa-solid fa-image",
        "url": "https://www.worldanvil.com/uploads/images/e3d2bd6e8230c116617044299d5b776c.jpg",
        "subscribergroups": [],
        "folderId": null,
        "tags": null,
        "updateDate": {
            "date": "2020-11-04 16:39:51.000000",
            "timezone_type": 3,
            "timezone": "UTC"
        }
    },
    "content": "The up and coming rivals to Venomcry. Hired to steal precious items, artifacts. They also deal in illegal drugs.",
    "contentParsed": "The up and coming rivals to Venomcry. Hired to steal precious items, artifacts. They also deal in illegal drugs.",
    "sections": {
        "displaySidebar": {
            "title": "",
            "position": "",
            "content": true,
            "contentParsed": "1"
        },
        "folderId": {
            "title": "",
            "position": "",
            "content": "-1",
            "contentParsed": "-1"
        },
        "motto": {
            "title": "",
            "position": "",
            "content": "\"What did the Five Fingers say to the Face?\" \"SLAP\"",
            "contentParsed": "&quot;What did the Five Fingers say to the Face?&quot; &quot;SLAP&quot;"
        },
        "publicAgenda": {
            "title": "",
            "position": "",
            "content": "Hired to steal artifacts of great value.",
            "contentParsed": "Hired to steal artifacts of great value."
        },
        "alternativeNames": {
            "title": "",
            "position": "",
            "content": "The Cheeky Thieves",
            "contentParsed": "The Cheeky Thieves"
        },
        "demonym": {
            "title": "",
            "position": "",
            "content": "Bullies, Bully Boys",
            "contentParsed": "Bullies, Bully Boys"
        }
    },
    "relations": {
        "childrenArticles": {
            "title": "",
            "position": "sidebar",
            "type": "collection"
        },
        "memories": {
            "title": "",
            "position": "sidebar",
            "type": "collection"
        },
        "manuscripts": {
            "title": "",
            "position": "sidebar",
            "type": "collection"
        },
        "permeatedOrganizations": {
            "title": "",
            "position": "sidebar",
            "type": "collection"
        },
        "children": {
            "title": "",
            "position": "sidebar",
            "type": "collection"
        },
        "maps": {
            "title": "",
            "position": "sidebar",
            "type": "collection"
        },
        "locations": {
            "title": "",
            "position": "sidebar",
            "type": "collection"
        },
        "manufactureditems": {
            "title": "",
            "position": "sidebar",
            "type": "collection"
        },
        "items": {
            "title": "",
            "position": "sidebar",
            "type": "collection"
        },
        "vehicles": {
            "title": "",
            "position": "sidebar",
            "type": "collection"
        },
        "manufacturedvehicles": {
            "title": "",
            "position": "sidebar",
            "type": "collection"
        },
        "people": {
            "title": "",
            "position": "sidebar",
            "type": "collection"
        },
        "familymembers": {
            "title": "",
            "position": "sidebar",
            "type": "collection"
        },
        "divines": {
            "title": "",
            "position": "sidebar",
            "type": "collection"
        },
        "flag": {
            "title": "",
            "position": "sidebar",
            "type": "singular",
            "items": {
                "id": 1624800,
                "title": "Five Finger Viscounts.jpg",
                "type": "image",
                "relationshipType": "",
                "state": "public"
            }
        },
        "geographicLocation": {
            "title": "",
            "position": "sidebar",
            "type": "singular",
            "items": {
                "id": "b3d05b59-ef3e-4a49-8586-8571ca5dacc5",
                "title": "Thornfield",
                "type": "location",
                "relationshipType": "article",
                "state": "public"
            }
        },
        "type": {
            "title": "",
            "position": "sidebar",
            "type": "singular",
            "items": {
                "id": "064a2694-ec8f-4049-8897-96a25bac5a71",
                "title": "Guild, Thieves",
                "type": "organizationtype",
                "relationshipType": "",
                "state": "null"
            }
        },
        "leader": {
            "title": "",
            "position": "sidebar",
            "type": "singular",
            "items": {
                "id": "12816582-0257-4b8c-a770-e2f58955c374",
                "title": "Divad El'chap, Rick James",
                "type": "person",
                "relationshipType": "article",
                "state": "public"
            }
        },
        "leadertitle": {
            "title": "",
            "position": "sidebar",
            "type": "singular",
            "items": {
                "id": "937a1d98-7472-414c-acbc-4eada5d44398",
                "title": "The Fifth Finger",
                "type": "rank",
                "relationshipType": "article",
                "state": "public"
            }
        },
        "traditions": {
            "title": "",
            "position": "sidebar",
            "type": "collection"
        },
        "myths": {
            "title": "",
            "position": "sidebar",
            "type": "collection"
        },
        "signeddocuments": {
            "title": "",
            "position": "sidebar",
            "type": "collection"
        },
        "organizationranks": {
            "title": "",
            "position": "sidebar",
            "type": "collection"
        },
        "otherpeople": {
            "title": "",
            "position": "sidebar",
            "type": "collection"
        },
        "belligerents": {
            "title": "",
            "position": "sidebar",
            "type": "collection"
        },
        "spells": {
            "title": "",
            "position": "sidebar",
            "type": "collection"
        },
        "plots": {
            "title": "",
            "position": "sidebar",
            "type": "collection"
        },
        "organizationformations": {
            "title": "",
            "position": "sidebar",
            "type": "collection"
        },
        "professions": {
            "title": "",
            "position": "sidebar",
            "type": "collection"
        },
        "contestedlocations": {
            "title": "",
            "position": "sidebar",
            "type": "collection"
        },
        "historicEntries": {
            "title": "",
            "position": "sidebar",
            "type": "collection"
        },
        "relatedSpecies": {
            "title": "",
            "position": "sidebar",
            "type": "collection"
        },
        "ethnicities": {
            "title": "",
            "position": "sidebar",
            "type": "collection"
        },
        "languages": {
            "title": "",
            "position": "sidebar",
            "type": "collection"
        },
        "predecessors": {
            "title": "",
            "position": "sidebar",
            "type": "collection"
        },
        "successors": {
            "title": "",
            "position": "sidebar",
            "type": "collection"
        },
        "deities": {
            "title": "",
            "position": "sidebar",
            "type": "collection"
        },
        "founders": {
            "title": "",
            "position": "sidebar",
            "type": "collection"
        }
    }
}