{
    "id": "ffc4989f-7b4a-49fa-9ecd-6e0546df5e3e",
    "title": "Blackthorn",
    "slug": "blackthorn-article",
    "state": "public",
    "isWip": true,
    "isDraft": false,
    "entityClass": "Settlement",
    "icon": "fa-solid fa-file",
    "url": "http://www.worldanvil.com/w/arteria-adorath/a/blackthorn-article",
    "subscribergroups": [],
    "folderId": "-1",
    "tags": "",
    "updateDate": {
        "date": "2019-09-09 23:28:11.000000",
        "timezone_type": 3,
        "timezone": "UTC"
    },
    "position": 990,
    "excerpt": null,
    "template": "settlement",
    "wordcount": 79,
    "creationDate": {
        "date": "2019-09-09 23:14:33.000000",
        "timezone_type": 3,
        "timezone": "UTC"
    },
    "publicationDate": {
        "date": "2020-11-14 07:39:36.000000",
        "timezone_type": 3,
        "timezone": "UTC"
    },
    "notificationDate": null,
    "likes": null,
    "views": 21,
    "metadata_user": null,
    "metadata_article": null,
    "css_classes": null,
    "cssStyles": null,
    "passcode": null,
    "author": {
        "id": "8059089b-cf59-45b1-b328-a9efcd36f47b",
        "title": "adorath",
        "slug": null,
        "state": null,
        "isWip": null,
        "isDraft": null,
        "entityClass": "User",
        "icon": "fa-solid fa-user",
        "url": "http://www.worldanvil.com/author/adorath",
        "subscribergroups": [],
        "folderId": null,
        "tags": null,
        "updateDate": null
    },
    "category": {
        "id": "26d53f1f-8227-4985-9954-1da0d9d9c5de",
        "title": "Searsap Forest",
        "slug": "searsap-forest-category",
        "url": "http://www.worldanvil.com/w/arteria-adorath/c/searsap-forest-category"
    },
    "world": {
        "id": "238a9dbc-1c3f-4f72-838f-336a90f6c31c",
        "title": "Arteria",
        "slug": "arteria-adorath",
        "state": "public",
        "isWip": null,
        "isDraft": null,
        "entityClass": "World",
        "icon": "fa-solid fa-globe-stand",
        "url": "http://www.worldanvil.com/w/arteria-adorath",
        "subscribergroups": [],
        "folderId": "-1",
        "tags": "",
        "updateDate": {
            "date": "2024-03-29 03:20:43.000000",
            "timezone_type": 3,
            "timezone": "UTC"
        }
    },
    "cover": {
        "id": 1952401,
        "title": "Arteria world cover",
        "slug": null,
        "state": "public",
        "isWip": null,
        "isDraft": null,
        "entityClass": "Image",
        "icon": "fa-solid fa-image",
        "url": "https://www.worldanvil.com/uploads/images/6c977e75d750e89b02a0040abf994163.jpg",
        "subscribergroups": [],
        "folderId": null,
        "tags": "",
        "updateDate": {
            "date": "2021-02-07 07:25:04.000000",
            "timezone_type": 3,
            "timezone": "UTC"
        }
    },
    "content": "A city in a dark forest of searsap and conifer trees, not much use for the aboveboard business of Farofaen.",
    "contentParsed": "A city in a dark forest of searsap and conifer trees, not much use for the aboveboard business of Farofaen.",
    "sections": {
        "displaySidebar": {
            "title": "",
            "position": "",
            "content": true,
            "contentParsed": "1"
        },
        "folderId": {
            "title": "",
            "position": "",
            "content": "-1",
            "contentParsed": "-1"
        },
        "naturalresources": {
            "title": "",
            "position": "",
            "content": "Blackthorn, Searsap, other timber",
            "contentParsed": "Blackthorn, Searsap, other timber"
        },
        "population": {
            "title": "",
            "position": "",
            "content": "2000",
            "contentParsed": "2000"
        },
        "guilds": {
            "title": "",
            "position": "",
            "content": "Thieves Guild, Forestry Guild, Temple of Mystra",
            "contentParsed": "Thieves Guild, Forestry Guild, Temple of Mystra"
        },
        "industry": {
            "title": "",
            "position": "",
            "content": "It's importance is largely as a waystation(?) resting point for caravans going to and from Arborport carrying goods and lumber. It was thought to be another base for forestry operations but suitable timber was not found.",
            "contentParsed": "It&#039;s importance is largely as a waystation(?) resting point for caravans going to and from Arborport carrying goods and lumber. It was thought to be another base for forestry operations but suitable timber was not found."
        },
        "government": {
            "title": "",
            "position": "",
            "content": "The Blackthorn family has run the town for hundreds of years.",
            "contentParsed": "The Blackthorn family has run the town for hundreds of years."
        }
    },
    "relations": {
        "childrenArticles": {
            "title": "",
            "position": "sidebar",
            "type": "collection",
            "items": [
                {
                    "id": "32a9df42-8bd4-46d2-a57e-d00847138cea",
                    "title": "Caishlyn Blackthorn",
                    "slug": "caishlyn-blackthorn-person",
                    "url": "http://www.worldanvil.com/w/arteria-adorath/a/caishlyn-blackthorn-person",
                    "relationshipType": "article",
                    "type": "person"
                }
            ]
        },
        "memories": {
            "title": "",
            "position": "sidebar",
            "type": "collection"
        },
        "manuscripts": {
            "title": "",
            "position": "sidebar",
            "type": "collection"
        },
        "relatedHistories": {
            "title": "",
            "position": "sidebar",
            "type": "collection"
        },
        "rituals": {
            "title": "",
            "position": "sidebar",
            "type": "collection"
        },
        "people": {
            "title": "",
            "position": "sidebar",
            "type": "collection"
        },
        "items": {
            "title": "",
            "position": "sidebar",
            "type": "collection"
        },
        "documents": {
            "title": "",
            "position": "sidebar",
            "type": "collection"
        },
        "maps": {
            "title": "",
            "position": "sidebar",
            "type": "collection",
            "items": [
                {
                    "id": "63233f3a-9590-4ca0-8e93-8f1154f56835",
                    "title": "Searsap Forest",
                    "slug": "",
                    "url": "",
                    "relationshipType": "",
                    "type": "map"
                }
            ]
        },
        "children": {
            "title": "",
            "position": "sidebar",
            "type": "collection"
        },
        "claimedCapitals": {
            "title": "",
            "position": "sidebar",
            "type": "collection"
        },
        "includedOrganizations": {
            "title": "",
            "position": "sidebar",
            "type": "collection"
        },
        "divines": {
            "title": "",
            "position": "sidebar",
            "type": "collection"
        },
        "reportprimarylocations": {
            "title": "",
            "position": "sidebar",
            "type": "collection"
        },
        "reportsecondarylocations": {
            "title": "",
            "position": "sidebar",
            "type": "collection"
        },
        "conflicts": {
            "title": "",
            "position": "sidebar",
            "type": "collection"
        },
        "characters": {
            "title": "",
            "position": "sidebar",
            "type": "collection"
        },
        "vehiclesPresent": {
            "title": "",
            "position": "sidebar",
            "type": "collection"
        },
        "parent": {
            "title": "",
            "position": "sidebar",
            "type": "singular",
            "items": {
                "id": "b19f77a8-6acf-4023-a7b2-978a6a11c150",
                "title": "Searsap Forest",
                "type": "location",
                "relationshipType": "article",
                "state": "public"
            }
        },
        "type": {
            "title": "",
            "position": "sidebar",
            "type": "singular",
            "items": {
                "id": "e61b1327-f616-49cd-9667-736534c747ed",
                "title": "Town",
                "type": "locationtype",
                "relationshipType": "",
                "state": "null"
            }
        },
        "person": {
            "title": "",
            "position": "sidebar",
            "type": "singular",
            "items": {
                "id": "32a9df42-8bd4-46d2-a57e-d00847138cea",
                "title": "Caishlyn Blackthorn",
                "type": "person",
                "relationshipType": "article",
                "state": "public"
            }
        },
        "founders": {
            "title": "",
            "position": "sidebar",
            "type": "collection"
        },
        "additionalRulers": {
            "title": "",
            "position": "sidebar",
            "type": "collection"
        },
        "contenders": {
            "title": "",
            "position": "sidebar",
            "type": "collection"
        },
        "connectedRooms": {
            "title": "",
            "position": "sidebar",
            "type": "collection"
        },
        "rooms": {
            "title": "",
            "position": "sidebar",
            "type": "collection"
        },
        "materials": {
            "title": "",
            "position": "sidebar",
            "type": "collection"
        },
        "ranks": {
            "title": "",
            "position": "sidebar",
            "type": "collection"
        },
        "myths": {
            "title": "",
            "position": "sidebar",
            "type": "collection"
        },
        "plots": {
            "title": "",
            "position": "sidebar",
            "type": "collection"
        },
        "professions": {
            "title": "",
            "position": "sidebar",
            "type": "collection"
        },
        "ethnicities": {
            "title": "",
            "position": "sidebar",
            "type": "collection"
        },
        "species": {
            "title": "",
            "position": "sidebar",
            "type": "collection"
        },
        "importantTraditions": {
            "title": "",
            "position": "sidebar",
            "type": "collection"
        }
    }
}