{
    "id": "8a4038e2-4581-4c27-9f57-3d8215bb1e2d",
    "title": "Rigz",
    "slug": "rigz-person",
    "state": "public",
    "isWip": true,
    "isDraft": true,
    "entityClass": "Person",
    "icon": "fa-solid fa-user-crown",
    "url": "http://www.worldanvil.com/w/arteria-adorath/a/rigz-person",
    "subscribergroups": [],
    "folderId": "-1",
    "tags": null,
    "updateDate": {
        "date": "2023-09-21 12:13:13.000000",
        "timezone_type": 3,
        "timezone": "UTC"
    },
    "position": null,
    "excerpt": null,
    "template": "person",
    "wordcount": 313,
    "creationDate": {
        "date": "2023-09-21 12:09:39.000000",
        "timezone_type": 3,
        "timezone": "UTC"
    },
    "publicationDate": null,
    "notificationDate": null,
    "likes": null,
    "views": null,
    "metadata_user": null,
    "metadata_article": null,
    "css_classes": null,
    "cssStyles": null,
    "passcode": null,
    "author": {
        "id": "8059089b-cf59-45b1-b328-a9efcd36f47b",
        "title": "adorath",
        "slug": null,
        "state": null,
        "isWip": null,
        "isDraft": null,
        "entityClass": "User",
        "icon": "fa-solid fa-user",
        "url": "http://www.worldanvil.com/author/adorath",
        "subscribergroups": [],
        "folderId": null,
        "tags": null,
        "updateDate": null
    },
    "category": {
        "id": "50bbf4cb-d03b-4c84-9812-f9f97d70ea76",
        "title": "Triple A",
        "slug": "triple-a-category",
        "url": "http://www.worldanvil.com/w/arteria-adorath/c/triple-a-category"
    },
    "world": {
        "id": "238a9dbc-1c3f-4f72-838f-336a90f6c31c",
        "title": "Arteria",
        "slug": "arteria-adorath",
        "state": "public",
        "isWip": null,
        "isDraft": null,
        "entityClass": "World",
        "icon": "fa-solid fa-globe-stand",
        "url": "http://www.worldanvil.com/w/arteria-adorath",
        "subscribergroups": [],
        "folderId": "-1",
        "tags": "",
        "updateDate": {
            "date": "2024-03-29 03:20:43.000000",
            "timezone_type": 3,
            "timezone": "UTC"
        }
    },
    "cover": {
        "id": 1952401,
        "title": "Arteria world cover",
        "slug": null,
        "state": "public",
        "isWip": null,
        "isDraft": null,
        "entityClass": "Image",
        "icon": "fa-solid fa-image",
        "url": "https://www.worldanvil.com/uploads/images/6c977e75d750e89b02a0040abf994163.jpg",
        "subscribergroups": [],
        "folderId": null,
        "tags": "",
        "updateDate": {
            "date": "2021-02-07 07:25:04.000000",
            "timezone_type": 3,
            "timezone": "UTC"
        }
    },
    "portrait": {
        "id": 4897465,
        "title": "rigz",
        "slug": null,
        "state": "public",
        "isWip": null,
        "isDraft": null,
        "entityClass": "Image",
        "icon": "fa-solid fa-image",
        "url": "https://www.worldanvil.com/uploads/images/29e46853596dbbfea9306fc72c8c6434.png",
        "subscribergroups": [],
        "folderId": null,
        "tags": null,
        "updateDate": {
            "date": "2023-09-21 12:10:08.000000",
            "timezone_type": 3,
            "timezone": "UTC"
        }
    },
    "content": "Dwarven Bard\r\n[br]Recent member of Triple A\r\n[br]\r\n[br]Rigz grew up far off to a humble and caring family. Her father was a smith, her mother a crafter, and she an only child. She was gifted in her parents trades but not particularly drawn to either. She wanted more- to know more, do more, and see more. She loved creating elaborate stories and took it upon herself in youth to be the storyteller of every group she found herself in. She knew early she wanted to travel, but spent the fifty years of her youth near home to be with her folks.\r\n[br]\r\nOnce she began travelling, she set off to just learn- instruments, stories, lifestyles. She loved it, but began to feel the call of her roots: the dwarves were her people (let's forego the scoffs she has received flirting with the likes of men that don't enjoy the hairy stoutness of a dwarves woman) and she needed answers on her folks. Why was she hearing they were going missing? Was someone or thing stealing dwarves? Why? Where did all the mithril go, and what connection did god's tears have? What is happening, and is this the new age legend she could write of for fame and glory?!\r\n[br]\r\nRigz followed leads all over until she stumbled into a mine after one note and found herself lost. Finding encampment and a trusty shovel and food reserves, she set up shop- perhaps she needed time to live in the mines to fully understand her story she was following. Who knows how much time has passed... Weeks, months? She is guarded in her keep, mapping the tunnels and blissfully unaware of the blight outside. Her temporary home is guarded by her spell of magic mouth, and should any creature venture too close they will hear her voice ring out in warning...",
    "contentParsed": "Dwarven Bard\n<br>Recent member of Triple A\n<br>\n<br>Rigz grew up far off to a humble and caring family. Her father was a smith, her mother a crafter, and she an only child. She was gifted in her parents trades but not particularly drawn to either. She wanted more- to know more, do more, and see more. She loved creating elaborate stories and took it upon herself in youth to be the storyteller of every group she found herself in. She knew early she wanted to travel, but spent the fifty years of her youth near home to be with her folks.\n<br>\nOnce she began travelling, she set off to just learn- instruments, stories, lifestyles. She loved it, but began to feel the call of her roots: the dwarves were her people (let&#039;s forego the scoffs she has received flirting with the likes of men that don&#039;t enjoy the hairy stoutness of a dwarves woman) and she needed answers on her folks. Why was she hearing they were going missing? Was someone or thing stealing dwarves? Why? Where did all the mithril go, and what connection did god&#039;s tears have? What is happening, and is this the new age legend she could write of for fame and glory?!\n<br>\nRigz followed leads all over until she stumbled into a mine after one note and found herself lost. Finding encampment and a trusty shovel and food reserves, she set up shop- perhaps she needed time to live in the mines to fully understand her story she was following. Who knows how much time has passed... Weeks, months? She is guarded in her keep, mapping the tunnels and blissfully unaware of the blight outside. Her temporary home is guarded by her spell of magic mouth, and should any creature venture too close they will hear her voice ring out in warning...",
    "sections": {
        "displaySidebar": {
            "title": "",
            "position": "",
            "content": true,
            "contentParsed": "1"
        },
        "folderId": {
            "title": "",
            "position": "",
            "content": "-1",
            "contentParsed": "-1"
        }
    },
    "relations": {
        "childrenArticles": {
            "title": "",
            "position": "sidebar",
            "type": "collection"
        },
        "memories": {
            "title": "",
            "position": "sidebar",
            "type": "collection"
        },
        "manuscripts": {
            "title": "",
            "position": "sidebar",
            "type": "collection"
        },
        "locations": {
            "title": "",
            "position": "sidebar",
            "type": "collection"
        },
        "families": {
            "title": "",
            "position": "sidebar",
            "type": "collection"
        },
        "organizations": {
            "title": "",
            "position": "sidebar",
            "type": "collection"
        },
        "vehicles": {
            "title": "",
            "position": "sidebar",
            "type": "collection"
        },
        "firstHeldRanks": {
            "title": "",
            "position": "sidebar",
            "type": "collection"
        },
        "heldItems": {
            "title": "",
            "position": "sidebar",
            "type": "collection"
        },
        "createditems": {
            "title": "",
            "position": "sidebar",
            "type": "collection"
        },
        "foundedLocations": {
            "title": "",
            "position": "sidebar",
            "type": "collection"
        },
        "ruledLocations": {
            "title": "",
            "position": "sidebar",
            "type": "collection"
        },
        "religions": {
            "title": "",
            "position": "sidebar",
            "type": "collection"
        },
        "professions": {
            "title": "",
            "position": "sidebar",
            "type": "collection"
        },
        "myths": {
            "title": "",
            "position": "sidebar",
            "type": "collection"
        },
        "belligerents": {
            "title": "",
            "position": "sidebar",
            "type": "collection"
        },
        "currentRanks": {
            "title": "",
            "position": "sidebar",
            "type": "collection"
        },
        "pastRanks": {
            "title": "",
            "position": "sidebar",
            "type": "collection"
        },
        "plots": {
            "title": "",
            "position": "sidebar",
            "type": "collection"
        },
        "documentsauthored": {
            "title": "",
            "position": "sidebar",
            "type": "collection"
        },
        "documentssigned": {
            "title": "",
            "position": "sidebar",
            "type": "collection"
        },
        "historicalEntries": {
            "title": "",
            "position": "sidebar",
            "type": "collection"
        },
        "conditions": {
            "title": "",
            "position": "sidebar",
            "type": "collection"
        },
        "otherethnicities": {
            "title": "",
            "position": "sidebar",
            "type": "collection"
        },
        "proses": {
            "title": "",
            "position": "sidebar",
            "type": "collection"
        },
        "relatedorganizations": {
            "title": "",
            "position": "sidebar",
            "type": "collection"
        },
        "relatedReports": {
            "title": "",
            "position": "sidebar",
            "type": "collection"
        },
        "foundedOrganizations": {
            "title": "",
            "position": "sidebar",
            "type": "collection"
        }
    }
}