{
    "id": "7daac853-36a7-4535-8700-ed3382e0961c",
    "title": "Krull the Tortle",
    "slug": "krull-the-tortle-person",
    "state": "public",
    "isWip": true,
    "isDraft": true,
    "entityClass": "Person",
    "icon": "fa-solid fa-user-crown",
    "url": "http://www.worldanvil.com/w/arteria-adorath/a/krull-the-tortle-person",
    "subscribergroups": [],
    "folderId": "-1",
    "tags": null,
    "updateDate": {
        "date": "2021-02-09 00:27:47.000000",
        "timezone_type": 3,
        "timezone": "UTC"
    },
    "position": null,
    "excerpt": null,
    "template": "person",
    "wordcount": 137,
    "creationDate": {
        "date": "2021-02-09 00:27:47.000000",
        "timezone_type": 3,
        "timezone": "UTC"
    },
    "publicationDate": null,
    "notificationDate": null,
    "likes": null,
    "views": null,
    "metadata_user": null,
    "metadata_article": null,
    "css_classes": null,
    "cssStyles": null,
    "passcode": null,
    "author": {
        "id": "8059089b-cf59-45b1-b328-a9efcd36f47b",
        "title": "adorath",
        "slug": null,
        "state": null,
        "isWip": null,
        "isDraft": null,
        "entityClass": "User",
        "icon": "fa-solid fa-user",
        "url": "http://www.worldanvil.com/author/adorath",
        "subscribergroups": [],
        "folderId": null,
        "tags": null,
        "updateDate": null
    },
    "category": {
        "id": "ef56cb4e-67e7-4ae6-a68b-b35050efff81",
        "title": "Orcish Lands",
        "slug": "orcish-lands-category",
        "url": "http://www.worldanvil.com/w/arteria-adorath/c/orcish-lands-category"
    },
    "world": {
        "id": "238a9dbc-1c3f-4f72-838f-336a90f6c31c",
        "title": "Arteria",
        "slug": "arteria-adorath",
        "state": "public",
        "isWip": null,
        "isDraft": null,
        "entityClass": "World",
        "icon": "fa-solid fa-globe-stand",
        "url": "http://www.worldanvil.com/w/arteria-adorath",
        "subscribergroups": [],
        "folderId": "-1",
        "tags": "",
        "updateDate": {
            "date": "2024-03-29 03:20:43.000000",
            "timezone_type": 3,
            "timezone": "UTC"
        }
    },
    "cover": {
        "id": 1952401,
        "title": "Arteria world cover",
        "slug": null,
        "state": "public",
        "isWip": null,
        "isDraft": null,
        "entityClass": "Image",
        "icon": "fa-solid fa-image",
        "url": "https://www.worldanvil.com/uploads/images/6c977e75d750e89b02a0040abf994163.jpg",
        "subscribergroups": [],
        "folderId": null,
        "tags": "",
        "updateDate": {
            "date": "2021-02-07 07:25:04.000000",
            "timezone_type": 3,
            "timezone": "UTC"
        }
    },
    "content": "Krull was a tortle cleric of Tiamat.[1]\n\nDescription\n\nKrull had his entire shell carved with runes of prayers to Tiamat in Draconic.[1]\nPossessions\n\nKrull wielded a +1 maul, and carried five potions of healing and two soul coins in a bag.[1]\nActivities\n\nThe death-priest conducted numerous experiments in Arkhan's Tower in Avernus in an attempt to control the Hand of Vecna wielded by Arkhan. He was interested in obtaining artifacts and creatures that might help with his experiments, such as an orb of dragonkind or a unicorn.[1]\nHistory\n\nIn the Year of Twelve Warnings, 1494 DR,[note 1] after conquering the tower that served as Krull's laboratory, Arkhan left a complement of dragons and undead servants under Krull's command to garrison the tower while he went to a nearby monument to commune with Tiamat.[1] ",
    "contentParsed": "Krull was a tortle cleric of Tiamat.[1]\n<br /><span class=\"line-spacer d-block\">&nbsp;</span>\nDescription\n<br /><span class=\"line-spacer d-block\">&nbsp;</span>\nKrull had his entire shell carved with runes of prayers to Tiamat in Draconic.[1]\nPossessions\n<br /><span class=\"line-spacer d-block\">&nbsp;</span>\nKrull wielded a +1 maul, and carried five potions of healing and two soul coins in a bag.[1]\nActivities\n<br /><span class=\"line-spacer d-block\">&nbsp;</span>\nThe death-priest conducted numerous experiments in Arkhan&#039;s Tower in Avernus in an attempt to control the Hand of Vecna wielded by Arkhan. He was interested in obtaining artifacts and creatures that might help with his experiments, such as an orb of dragonkind or a unicorn.[1]\nHistory\n<br /><span class=\"line-spacer d-block\">&nbsp;</span>\nIn the Year of Twelve Warnings, 1494 DR,[note 1] after conquering the tower that served as Krull&#039;s laboratory, Arkhan left a complement of dragons and undead servants under Krull&#039;s command to garrison the tower while he went to a nearby monument to commune with Tiamat.[1] ",
    "sections": {
        "displaySidebar": {
            "title": "",
            "position": "",
            "content": true,
            "contentParsed": "1"
        },
        "folderId": {
            "title": "",
            "position": "",
            "content": "-1",
            "contentParsed": "-1"
        }
    },
    "relations": {
        "childrenArticles": {
            "title": "",
            "position": "sidebar",
            "type": "collection"
        },
        "memories": {
            "title": "",
            "position": "sidebar",
            "type": "collection"
        },
        "manuscripts": {
            "title": "",
            "position": "sidebar",
            "type": "collection"
        },
        "locations": {
            "title": "",
            "position": "sidebar",
            "type": "collection"
        },
        "families": {
            "title": "",
            "position": "sidebar",
            "type": "collection"
        },
        "organizations": {
            "title": "",
            "position": "sidebar",
            "type": "collection"
        },
        "vehicles": {
            "title": "",
            "position": "sidebar",
            "type": "collection"
        },
        "firstHeldRanks": {
            "title": "",
            "position": "sidebar",
            "type": "collection"
        },
        "heldItems": {
            "title": "",
            "position": "sidebar",
            "type": "collection"
        },
        "createditems": {
            "title": "",
            "position": "sidebar",
            "type": "collection"
        },
        "foundedLocations": {
            "title": "",
            "position": "sidebar",
            "type": "collection"
        },
        "ruledLocations": {
            "title": "",
            "position": "sidebar",
            "type": "collection"
        },
        "religions": {
            "title": "",
            "position": "sidebar",
            "type": "collection"
        },
        "professions": {
            "title": "",
            "position": "sidebar",
            "type": "collection"
        },
        "myths": {
            "title": "",
            "position": "sidebar",
            "type": "collection"
        },
        "belligerents": {
            "title": "",
            "position": "sidebar",
            "type": "collection"
        },
        "currentRanks": {
            "title": "",
            "position": "sidebar",
            "type": "collection"
        },
        "pastRanks": {
            "title": "",
            "position": "sidebar",
            "type": "collection"
        },
        "plots": {
            "title": "",
            "position": "sidebar",
            "type": "collection"
        },
        "documentsauthored": {
            "title": "",
            "position": "sidebar",
            "type": "collection"
        },
        "documentssigned": {
            "title": "",
            "position": "sidebar",
            "type": "collection"
        },
        "historicalEntries": {
            "title": "",
            "position": "sidebar",
            "type": "collection"
        },
        "conditions": {
            "title": "",
            "position": "sidebar",
            "type": "collection"
        },
        "otherethnicities": {
            "title": "",
            "position": "sidebar",
            "type": "collection"
        },
        "proses": {
            "title": "",
            "position": "sidebar",
            "type": "collection"
        },
        "relatedorganizations": {
            "title": "",
            "position": "sidebar",
            "type": "collection"
        },
        "relatedReports": {
            "title": "",
            "position": "sidebar",
            "type": "collection"
        },
        "foundedOrganizations": {
            "title": "",
            "position": "sidebar",
            "type": "collection"
        }
    }
}