{
    "id": "ccdac105-9b66-4435-9a48-cba940e41751",
    "title": "Nevrast",
    "slug": "nevrast-location",
    "state": "public",
    "isWip": true,
    "isDraft": false,
    "entityClass": "Location",
    "icon": "fa-solid fa-mountain",
    "url": "http://www.worldanvil.com/w/arteria-adorath/a/nevrast-location",
    "subscribergroups": [],
    "folderId": "-1",
    "tags": null,
    "updateDate": {
        "date": "2021-10-29 02:10:34.000000",
        "timezone_type": 3,
        "timezone": "UTC"
    },
    "position": null,
    "excerpt": null,
    "template": "location",
    "wordcount": 71,
    "creationDate": {
        "date": "2021-02-02 16:14:21.000000",
        "timezone_type": 3,
        "timezone": "UTC"
    },
    "publicationDate": {
        "date": "2021-02-02 16:14:21.000000",
        "timezone_type": 3,
        "timezone": "UTC"
    },
    "notificationDate": null,
    "likes": null,
    "views": 21,
    "metadata_user": null,
    "metadata_article": null,
    "css_classes": null,
    "cssStyles": null,
    "passcode": null,
    "author": {
        "id": "8059089b-cf59-45b1-b328-a9efcd36f47b",
        "title": "adorath",
        "slug": null,
        "state": null,
        "isWip": null,
        "isDraft": null,
        "entityClass": "User",
        "icon": "fa-solid fa-user",
        "url": "http://www.worldanvil.com/author/adorath",
        "subscribergroups": [],
        "folderId": null,
        "tags": null,
        "updateDate": null
    },
    "category": {
        "id": "3ec0822b-07a8-4437-bf5f-ae11258387f1",
        "title": "Nevrast",
        "slug": "nevrast-category",
        "url": "http://www.worldanvil.com/w/arteria-adorath/c/nevrast-category"
    },
    "world": {
        "id": "238a9dbc-1c3f-4f72-838f-336a90f6c31c",
        "title": "Arteria",
        "slug": "arteria-adorath",
        "state": "public",
        "isWip": null,
        "isDraft": null,
        "entityClass": "World",
        "icon": "fa-solid fa-globe-stand",
        "url": "http://www.worldanvil.com/w/arteria-adorath",
        "subscribergroups": [],
        "folderId": "-1",
        "tags": "",
        "updateDate": {
            "date": "2024-03-29 03:20:43.000000",
            "timezone_type": 3,
            "timezone": "UTC"
        }
    },
    "cover": {
        "id": 2762656,
        "title": "Nevrast Valley",
        "slug": null,
        "state": "public",
        "isWip": null,
        "isDraft": null,
        "entityClass": "Image",
        "icon": "fa-solid fa-image",
        "url": "https://www.worldanvil.com/uploads/images/cc56359aaf7c1bee8cce389355ee4f00.jpg",
        "subscribergroups": [],
        "folderId": null,
        "tags": null,
        "updateDate": {
            "date": "2021-10-29 02:08:02.000000",
            "timezone_type": 3,
            "timezone": "UTC"
        }
    },
    "content": "A mostly equatorial continent, the eastern half ringed with mountains and a chain of volcanoes. The approach to Nevrast by sea is made complicated by many small islands and treacherous reefs. Few have laid eyes on the interior and lived to tell the tale.",
    "contentParsed": "A mostly equatorial continent, the eastern half ringed with mountains and a chain of volcanoes. The approach to Nevrast by sea is made complicated by many small islands and treacherous reefs. Few have laid eyes on the interior and lived to tell the tale.",
    "sections": {
        "displaySidebar": {
            "title": "",
            "position": "",
            "content": true,
            "contentParsed": "1"
        },
        "folderId": {
            "title": "",
            "position": "",
            "content": "-1",
            "contentParsed": "-1"
        },
        "geography": {
            "title": "",
            "position": "",
            "content": "Ringed by mountains and volcanoes, dominated by a large valley.",
            "contentParsed": "Ringed by mountains and volcanoes, dominated by a large valley."
        },
        "ecosystem": {
            "title": "",
            "position": "",
            "content": "Jungle, lots of water flowing to the center of the island.",
            "contentParsed": "Jungle, lots of water flowing to the center of the island."
        },
        "localizedPhenomena": {
            "title": "",
            "position": "",
            "content": "Water disappearing into the earth?",
            "contentParsed": "Water disappearing into the earth?"
        }
    },
    "relations": {
        "childrenArticles": {
            "title": "",
            "position": "sidebar",
            "type": "collection"
        },
        "memories": {
            "title": "",
            "position": "sidebar",
            "type": "collection"
        },
        "cover": {
            "title": "",
            "position": "sidebar",
            "type": "singular",
            "items": {
                "id": 2762656,
                "title": "Nevrast Valley",
                "type": "image",
                "relationshipType": "",
                "state": "public"
            }
        },
        "manuscripts": {
            "title": "",
            "position": "sidebar",
            "type": "collection"
        },
        "relatedHistories": {
            "title": "",
            "position": "sidebar",
            "type": "collection"
        },
        "rituals": {
            "title": "",
            "position": "sidebar",
            "type": "collection"
        },
        "people": {
            "title": "",
            "position": "sidebar",
            "type": "collection"
        },
        "items": {
            "title": "",
            "position": "sidebar",
            "type": "collection"
        },
        "documents": {
            "title": "",
            "position": "sidebar",
            "type": "collection"
        },
        "maps": {
            "title": "",
            "position": "sidebar",
            "type": "collection"
        },
        "children": {
            "title": "",
            "position": "sidebar",
            "type": "collection"
        },
        "claimedCapitals": {
            "title": "",
            "position": "sidebar",
            "type": "collection"
        },
        "includedOrganizations": {
            "title": "",
            "position": "sidebar",
            "type": "collection"
        },
        "divines": {
            "title": "",
            "position": "sidebar",
            "type": "collection"
        },
        "reportprimarylocations": {
            "title": "",
            "position": "sidebar",
            "type": "collection"
        },
        "reportsecondarylocations": {
            "title": "",
            "position": "sidebar",
            "type": "collection"
        },
        "conflicts": {
            "title": "",
            "position": "sidebar",
            "type": "collection"
        },
        "characters": {
            "title": "",
            "position": "sidebar",
            "type": "collection"
        },
        "vehiclesPresent": {
            "title": "",
            "position": "sidebar",
            "type": "collection"
        },
        "type": {
            "title": "",
            "position": "sidebar",
            "type": "singular",
            "items": {
                "id": "2ce46971-5996-4aaf-a2d5-d0c65a4f9fca",
                "title": "Continent",
                "type": "locationtype",
                "relationshipType": "",
                "state": "null"
            }
        },
        "founders": {
            "title": "",
            "position": "sidebar",
            "type": "collection"
        },
        "additionalRulers": {
            "title": "",
            "position": "sidebar",
            "type": "collection"
        },
        "contenders": {
            "title": "",
            "position": "sidebar",
            "type": "collection"
        },
        "connectedRooms": {
            "title": "",
            "position": "sidebar",
            "type": "collection"
        },
        "rooms": {
            "title": "",
            "position": "sidebar",
            "type": "collection"
        },
        "materials": {
            "title": "",
            "position": "sidebar",
            "type": "collection"
        },
        "ranks": {
            "title": "",
            "position": "sidebar",
            "type": "collection"
        },
        "myths": {
            "title": "",
            "position": "sidebar",
            "type": "collection"
        },
        "plots": {
            "title": "",
            "position": "sidebar",
            "type": "collection"
        },
        "professions": {
            "title": "",
            "position": "sidebar",
            "type": "collection"
        },
        "ethnicities": {
            "title": "",
            "position": "sidebar",
            "type": "collection"
        },
        "species": {
            "title": "",
            "position": "sidebar",
            "type": "collection"
        },
        "importantTraditions": {
            "title": "",
            "position": "sidebar",
            "type": "collection"
        }
    }
}