{
    "id": "d1cfe9e0-34e1-4956-95e1-b9ac062ace56",
    "title": "Krynt Webb",
    "slug": "krynt-webb-myth",
    "state": "private",
    "isWip": true,
    "isDraft": true,
    "entityClass": "Myth",
    "icon": "fa-solid fa-file",
    "url": "http://www.worldanvil.com/w/arteria-adorath/a/krynt-webb-myth",
    "subscribergroups": [],
    "folderId": "-1",
    "tags": "",
    "updateDate": {
        "date": "2023-04-19 21:19:35.000000",
        "timezone_type": 3,
        "timezone": "UTC"
    },
    "position": null,
    "excerpt": null,
    "template": "myth",
    "wordcount": 61,
    "creationDate": {
        "date": "2023-04-19 21:19:35.000000",
        "timezone_type": 3,
        "timezone": "UTC"
    },
    "publicationDate": null,
    "notificationDate": null,
    "likes": null,
    "views": null,
    "metadata_user": null,
    "metadata_article": null,
    "css_classes": null,
    "cssStyles": null,
    "passcode": null,
    "author": {
        "id": "8059089b-cf59-45b1-b328-a9efcd36f47b",
        "title": "adorath",
        "slug": null,
        "state": null,
        "isWip": null,
        "isDraft": null,
        "entityClass": "User",
        "icon": "fa-solid fa-user",
        "url": "http://www.worldanvil.com/author/adorath",
        "subscribergroups": [],
        "folderId": null,
        "tags": null,
        "updateDate": null
    },
    "category": {
        "id": "7ad17822-e4aa-4cb3-9cee-98de89a5f7a1",
        "title": "Arcane Ascendants",
        "slug": "arcane-ascendants-category",
        "url": "http://www.worldanvil.com/w/arteria-adorath/c/arcane-ascendants-category"
    },
    "world": {
        "id": "238a9dbc-1c3f-4f72-838f-336a90f6c31c",
        "title": "Arteria",
        "slug": "arteria-adorath",
        "state": "public",
        "isWip": null,
        "isDraft": null,
        "entityClass": "World",
        "icon": "fa-solid fa-globe-stand",
        "url": "http://www.worldanvil.com/w/arteria-adorath",
        "subscribergroups": [],
        "folderId": "-1",
        "tags": "",
        "updateDate": {
            "date": "2024-03-29 03:20:43.000000",
            "timezone_type": 3,
            "timezone": "UTC"
        }
    },
    "cover": {
        "id": 1952401,
        "title": "Arteria world cover",
        "slug": null,
        "state": "public",
        "isWip": null,
        "isDraft": null,
        "entityClass": "Image",
        "icon": "fa-solid fa-image",
        "url": "https://www.worldanvil.com/uploads/images/6c977e75d750e89b02a0040abf994163.jpg",
        "subscribergroups": [],
        "folderId": null,
        "tags": "",
        "updateDate": {
            "date": "2021-02-07 07:25:04.000000",
            "timezone_type": 3,
            "timezone": "UTC"
        }
    },
    "content": "Human\nSorcerer \nAbjuration\n\nJust kind of went along with the crusade, not particularly zealous, but not brave enough or appalled enough to stop it.\n\nDied of Natural Causes? In the arctic on an expedition trying to hunt down the arctic druid after the revolution.\n\nPortly robed figure, sleeves rolled up, his gloved* hands, convey the casting of a spell.",
    "contentParsed": "Human\nSorcerer \nAbjuration\n<br /><span class=\"line-spacer d-block\">&nbsp;</span>\nJust kind of went along with the crusade, not particularly zealous, but not brave enough or appalled enough to stop it.\n<br /><span class=\"line-spacer d-block\">&nbsp;</span>\nDied of Natural Causes? In the arctic on an expedition trying to hunt down the arctic druid after the revolution.\n<br /><span class=\"line-spacer d-block\">&nbsp;</span>\nPortly robed figure, sleeves rolled up, his gloved* hands, convey the casting of a spell.",
    "sections": {
        "displaySidebar": {
            "title": "",
            "position": "",
            "content": true,
            "contentParsed": "1"
        },
        "folderId": {
            "title": "",
            "position": "",
            "content": "-1",
            "contentParsed": "-1"
        }
    },
    "relations": {
        "childrenArticles": {
            "title": "",
            "position": "sidebar",
            "type": "collection"
        },
        "memories": {
            "title": "",
            "position": "sidebar",
            "type": "collection"
        },
        "manuscripts": {
            "title": "",
            "position": "sidebar",
            "type": "collection"
        },
        "documents": {
            "title": "",
            "position": "sidebar",
            "type": "collection"
        },
        "ethnicities": {
            "title": "",
            "position": "sidebar",
            "type": "collection"
        },
        "species": {
            "title": "",
            "position": "sidebar",
            "type": "collection"
        },
        "locations": {
            "title": "",
            "position": "sidebar",
            "type": "collection"
        },
        "people": {
            "title": "",
            "position": "sidebar",
            "type": "collection"
        },
        "organizations": {
            "title": "",
            "position": "sidebar",
            "type": "collection"
        },
        "items": {
            "title": "",
            "position": "sidebar",
            "type": "collection"
        },
        "vehicles": {
            "title": "",
            "position": "sidebar",
            "type": "collection"
        }
    }
}